<entitydata>
	<entry type="abysseamaw" name="Cavernous Maw" zone="102" index="659" posx="-557.900024" posy="637.846008" posz="0.000000" menuid="218" />
	<entry type="abysseamaw" name="Cavernous Maw" zone="117" index="629" posx="-28.597000" posy="-685.754028" posz="46.056000" />
	<entry type="abysseamaw" name="Cavernous Maw" zone="108" index="570" posx="96.344002" posy="-580.007996" posz="-69.080002" />
	<entry type="abysseamaw" name="Cavernous Maw" zone="103" index="668" posx="368.980011" posy="-119.874001" posz="-0.443000" menuid="55" />
	<entry type="abysseamaw" name="Cavernous Maw" zone="104" index="735" posx="246.317993" posy="5.706000" posz="-0.709000" menuid="47" />
	<entry type="abysseamaw" name="Cavernous Maw" zone="118" index="669" posx="-344.395996" posy="52.581001" posz="-24.941000" />
	<entry type="abysseamaw" name="Cavernous Maw" zone="112" index="375" posx="270.000000" posy="-70.000000" posz="-9.000000" menuid="204" />
	<entry type="abysseamaw" name="Cavernous Maw" zone="107" index="745" posx="340.000000" posy="-680.000000" posz="-0.500000" />
	<entry type="abysseamaw" name="Cavernous Maw" zone="106" index="717" posx="-78.000000" posy="600.000000" posz="-0.500000" />
</entitydata>