<entitydata>
	<entry type="adoulincrystal" name="???" zone="261" index="593" posx="-238.000000" posy="-402.000000" posz="0.000000" />
	<entry type="adoulincrystal" name="???" zone="268" index="415" posx="340.058014" posy="381.410004" posz="9.300000" />
	<entry type="adoulincrystal" name="???" zone="268" index="416" posx="379.967010" posy="418.615997" posz="-20.700001" />
	<entry type="adoulincrystal" name="???" zone="276" index="545" posx="-140.000000" posy="100.000000" posz="-510.600006" />
	<entry type="adoulincrystal" name="???" zone="265" index="844" posx="-20.000000" posy="525.000000" posz="-47.000000" menuid="8801" />
	<entry type="adoulincrystal" name="???" zone="269" index="397" posx="-501.093994" posy="300.058990" posz="39.299999" menuid="8800" />
	<entry type="adoulincrystal" name="???" zone="269" index="398" posx="-219.332993" posy="540.931030" posz="59.299999" menuid="8801" />
	<entry type="adoulincrystal" name="???" zone="276" index="547" posx="-620.000000" posy="420.000000" posz="-520.599976" />
	<entry type="adoulincrystal" name="???" zone="262" index="625" posx="138.000000" posy="-382.000000" posz="-2.465000" />
	<entry type="adoulincrystal" name="???" zone="272" index="425" posx="298.000000" posy="-177.250000" posz="-20.865999" />
	<entry type="adoulincrystal" name="???" zone="272" index="426" posx="256.250000" posy="-540.500000" posz="-0.150000" />
	<entry type="adoulincrystal" name="???" zone="276" index="546" posx="-500.000000" posy="-380.000000" posz="-530.599976" />
	<entry type="adoulincrystal" name="???" zone="266" index="503" posx="-159.649994" posy="-203.399994" posz="-20.000000" />
	<entry type="adoulincrystal" name="???" zone="273" index="478" posx="-258.299988" posy="-218.600006" posz="29.811001" />
	<entry type="adoulincrystal" name="???" zone="273" index="479" posx="-298.399994" posy="-458.299988" posz="49.880001" />
	<entry type="adoulincrystal" name="???" zone="276" index="549" posx="-900.000000" posy="-20.000000" posz="-480.600006" />
	<entry type="adoulincrystal" name="???" zone="263" index="649" posx="160.000000" posy="-360.000000" posz="0.000000" />
	<entry type="adoulincrystal" name="???" zone="270" index="844" posx="-501.100006" posy="-579.299988" posz="29.209999" />
	<entry type="adoulincrystal" name="???" zone="270" index="845" posx="-459.649994" posy="-300.149994" posz="30.000000" />
	<entry type="adoulincrystal" name="???" zone="276" index="548" posx="820.000000" posy="60.000000" posz="89.400002" />
	<entry type="castoffpoint" name="Castoff Point" zone="265" index="763" posx="-462.346985" posy="257.484009" posz="-46.000000" menuid="18" landx="3286354265" landy="1132868666" landz="3258957169" landh="57089"/>
	<entry type="castoffpoint" name="Castoff Point" zone="265" index="764" posx="-452.000000" posy="263.458008" posz="-46.000000" menuid="18" landx="3286817309" landy="1132401788" landz="3258943013" landh="24321"/>
	<entry type="castoffpoint" name="Castoff Point" zone="260" index="553" posx="377.000000" posy="-9.800000" posz="4.399988" menuid="16" landx="1137919624" landy="3246416462" landz="1033342288" landh="4097"/>
	<entry type="castoffpoint" name="Castoff Point" zone="260" index="554" posx="419.316010" posy="-14.522000" posz="1.744599" menuid="16" landx="1136177742" landy="3241304654" landz="1082130432" landh="29185"/>
	<entry type="castoffpoint" name="Castoff Point" zone="270" index="782" posx="190.000000" posy="222.000000" posz="11.000000" menuid="11" landx="1126455313" landy="1130039674" landz="1093089100" landh="33537"/>
	<entry type="castoffpoint" name="Castoff Point" zone="270" index="783" posx="169.000000" posy="222.000000" posz="11.000000" menuid="11" landx="1128398849" landy="1130233857" landz="1093071275" landh="1"/>
	<entry type="castoffpoint" name="Castoff Point" zone="268" index="391" posx="17.000000" posy="-440.000000" posz="1.500000" menuid="12" landx="1107820544" landy="3285975041" landz="1065705538" landh="1"/>
	<entry type="castoffpoint" name="Castoff Point" zone="268" index="390" posx="32.000000" posy="-440.000000" posz="1.500000" menuid="12" landx="1096810497" landy="3285975041" landz="1066577953" landh="32513"/>
	<entry type="castoffpoint" name="Castoff Point" zone="262" index="561" posx="-220.000000" posy="225.000000" posz="0.800000" menuid="18" landx="3269197825" landy="1124859904" landz="3194247709" landh="32513"/>
	<entry type="castoffpoint" name="Castoff Point" zone="262" index="562" posx="-105.000000" posy="140.000000" posz="0.800000" menuid="18" landx="3240099840" landy="1114636289" landz="3196260975" landh="1"/>
	<entry type="upstream" name="Castoff Point" zone="262" index="562" posx="-105.000000" posy="140.000000" posz="0.800000" menuid="18" landx="3277586433" landy="1130758145" landz="3196227421" landh="48897"/>
	<entry type="castoffpoint" name="Castoff Point" zone="262" index="563" posx="-14.000000" posy="60.000000" posz="0.800000" menuid="18" landx="1101004800" landy="3263954944" landz="3194314818" landh="16129"/>
	<entry type="upstream" name="Castoff Point" zone="262" index="563" posx="-14.000000" posy="60.000000" posz="0.800000" menuid="18" landx="3269197825" landy="1124859904" landz="3194247709" landh="32513"/>
	<entry type="castoffpoint" name="Castoff Point" zone="262" index="564" posx="20.000000" posy="-65.000000" posz="0.800000" menuid="18" landx="1130102785" landy="1125515264" landz="3196227421" landh="48897"/>
	<entry type="upstream" name="Castoff Point" zone="262" index="564" posx="20.000000" posy="-65.000000" posz="0.800000" menuid="18" landx="3240099840" landy="1114636289" landz="3196260975" landh="1"/>
	<entry type="castoffpoint" name="Castoff Point" zone="262" index="565" posx="220.000000" posy="146.000000" posz="0.800000" menuid="18" landx="1136525313" landy="3272998912" landz="3194180601" landh="16129"/>
	<entry type="upstream" name="Castoff Point" zone="262" index="565" posx="220.000000" posy="146.000000" posz="0.800000" menuid="18" landx="1101004800" landy="3263954944" landz="3194314818" landh="16129"/>
	<entry type="castoffpoint" name="Castoff Point" zone="262" index="566" posx="380.000000" posy="-145.000000" posz="0.800000" menuid="18" landx="1130102785" landy="1125515264" landz="3196227421" landh="48897"/>
	<entry type="upstream" name="Castoff Point" zone="262" index="566" posx="380.000000" posy="-145.000000" posz="0.800000" menuid="18" landx="1130102785" landy="1125515264" landz="3196227421" landh="48897"/>
	<entry type="scalablearea" name="Scalable Area" zone="265" index="822" posx="221.397003" posy="-389.980988" posz="-16.520000" menuid="40" landx="1129794765" landy="3284328711" landz="3216141976" landh="32513"/>
	<entry type="scalablearea" name="Scalable Area" zone="265" index="823" posx="218.755005" posy="-389.756012" posz="-1.785000" menuid="41" landx="1130299327" landy="3284349977" landz="3246602584" landh="3073"/>
	<entry type="scalablearea" name="Scalable Area" zone="265" index="825" posx="181.160995" posy="-450.298004" posz="-1.785000" menuid="43" landx="1127286899" landy="3286282863" landz="3246606779" landh="33537"/>
	<entry type="scalablearea" name="Scalable Area" zone="265" index="824" posx="178.712997" posy="-449.997009" posz="-16.523001" menuid="42" landx="1127736083" landy="3286300361" landz="3216561407" landh="1"/>
	<entry type="scalablearea" name="Scalable Area" zone="265" index="833" posx="-179.098999" posy="69.751999" posz="-1.785000" menuid="51" landx="3275189388" landy="1116497249" landz="3246593672" landh="33537"/>
	<entry type="scalablearea" name="Scalable Area" zone="265" index="832" posx="-181.296997" posy="69.931000" posz="-16.520000" menuid="50" landx="3274678273" landy="1116491744" landz="3217207329" landh="1"/>
	<entry type="scalablearea" name="Scalable Area" zone="265" index="835" posx="-219.020996" posy="109.810997" posz="-17.785000" menuid="53" landx="3277783958" landy="1121751401" landz="3254884238" landh="33537"/>
	<entry type="scalablearea" name="Scalable Area" zone="265" index="834" posx="-221.244995" posy="109.986000" posz="-32.527000" menuid="52" landx="3277364593" landy="1121731478" landz="3247182447" landh="63745"/>
	<entry type="scalablearea" name="Scalable Area" zone="265" index="837" posx="-259.100006" posy="149.761993" posz="-33.785000" menuid="55" landx="3280168387" landy="1125528634" landz="3259078804" landh="33537"/>
	<entry type="scalablearea" name="Scalable Area" zone="265" index="836" posx="-261.312988" posy="149.955002" posz="-48.520000" menuid="54" landx="3279945958" landy="1125522080" landz="3255154770" landh="1"/>
	<entry type="scalablearea" name="Scalable Area" zone="265" index="830" posx="-130.018997" posy="301.253998" posz="-48.522999" menuid="48" landx="3271666434" landy="1133780337" landz="3255190160" landh="14337"/>
	<entry type="scalablearea" name="Scalable Area" zone="265" index="831" posx="-130.244003" posy="299.032990" posz="-33.785000" menuid="49" landx="3271669842" landy="1134039401" landz="3259072250" landh="49409"/>
	<entry type="scalablearea" name="Scalable Area" zone="265" index="826" posx="-90.044998" posy="181.326004" posz="-16.520000" menuid="44" landx="3266566292" landy="1127191020" landz="3217173775" landh="16129"/>
	<entry type="scalablearea" name="Scalable Area" zone="265" index="827" posx="-90.281998" posy="178.919998" posz="-1.785000" menuid="45" landx="3266534835" landy="1127708623" landz="3246595769" landh="50945"/>
	<entry type="scalablearea" name="Scalable Area" zone="265" index="829" posx="-50.261002" posy="259.131012" posz="-17.785000" menuid="47" landx="3259277771" landy="1132714918" landz="3254886073" landh="49153"/>
	<entry type="scalablearea" name="Scalable Area" zone="265" index="828" posx="-50.019001" posy="261.313995" posz="-32.521000" menuid="46" landx="3259504788" landy="1132445631" landz="3247123202" landh="16129"/>
	<entry type="scalablearea" name="Scalable Area" zone="266" index="426" posx="271.483002" posy="92.095001" posz="-59.917000" menuid="16" landx="1132815352" landy="1119620695" landz="3256888591" landh="41473"/>
	<entry type="scalablearea" name="Scalable Area" zone="266" index="427" posx="269.002991" posy="92.169998" posz="-40.124001" menuid="17" landx="1133065143" landy="1119346230" landz="3262088217" landh="1"/>
	<entry type="scalablearea" name="Scalable Area" zone="266" index="429" posx="227.806000" posy="188.977005" posz="-40.120998" menuid="19" landx="1130566517" landy="1128355267" landz="3262088742" landh="46337"/>
	<entry type="scalablearea" name="Scalable Area" zone="266" index="428" posx="227.932007" posy="191.475998" posz="-59.916000" menuid="18" landx="1130457531" landy="1127974896" landz="3256891474" landh="23041"/>
	<entry type="scalablearea" name="Scalable Area" zone="266" index="430" posx="271.526001" posy="252.018005" posz="-59.922001" menuid="20" landx="1132834522" landy="1132332385" landz="3256888329" landh="39937"/>
	<entry type="scalablearea" name="Scalable Area" zone="266" index="431" posx="268.971985" posy="252.125000" posz="-40.115002" menuid="21" landx="1133036471" landy="1132182766" landz="3262090577" landh="63745"/>
	<entry type="scalablearea" name="Scalable Area" zone="266" index="432" posx="268.032013" posy="-111.428001" posz="-19.910999" menuid="22" landx="1132798608" landy="3268892034" landz="3172437328" landh="40705"/>
	<entry type="scalablearea" name="Scalable Area" zone="266" index="433" posx="268.171997" posy="-109.392998" posz="-0.246000" menuid="23" landx="1132850185" landy="3269710578" landz="3248427107" landh="17409"/>
	<entry type="scalablearea" name="Scalable Area" zone="266" index="425" posx="331.833008" posy="-130.764999" posz="-20.205000" menuid="15" landx="1134961525" landy="3271192872" landz="3256817288" landh="47105"/>
	<entry type="scalablearea" name="Scalable Area" zone="266" index="424" posx="331.885986" posy="-128.500000" posz="-39.923000" menuid="14" landx="1135003829" landy="3271933821" landz="3248495789" landh="7937"/>
	<entry type="scalablearea" name="Scalable Area" zone="266" index="434" posx="108.007004" posy="-128.544006" posz="20.086000" menuid="24" landx="1121143096" landy="3271865336" landz="1109380039" landh="22273"/>
	<entry type="scalablearea" name="Scalable Area" zone="266" index="435" posx="107.760002" posy="-130.673004" posz="39.791000" menuid="25" landx="1121495811" landy="3271297860" landz="1101047268" landh="50945"/>
	<entry type="scalablearea" name="Scalable Area" zone="266" index="437" posx="-92.167000" posy="-90.588997" posz="39.773998" menuid="27" landx="3266855699" landy="3266027979" landz="1101059851" landh="47873"/>
	<entry type="scalablearea" name="Scalable Area" zone="266" index="436" posx="-92.037003" posy="-88.537003" posz="20.086000" menuid="26" landx="3267139863" landy="3266969732" landz="1109379515" landh="22273"/>
	<entry type="scalablearea" name="Scalable Area" zone="266" index="441" posx="-210.649002" posy="-211.828995" posz="-0.235000" menuid="31" landx="3276657394" landy="3277048579" landz="3248430253" landh="63745"/>
	<entry type="scalablearea" name="Scalable Area" zone="266" index="440" posx="-208.557007" posy="-211.927002" posz="-19.915001" menuid="30" landx="3277098517" landy="3277182403" landz="3172974199" landh="23809"/>
	<entry type="scalablearea" name="Scalable Area" zone="266" index="438" posx="-211.927002" posy="-151.419998" posz="-19.912001" menuid="28" landx="3277187187" landy="3272805712" landz="3177269167" landh="41473"/>
	<entry type="scalablearea" name="Scalable Area" zone="266" index="439" posx="-211.908005" posy="-149.264008" posz="-0.198000" menuid="29" landx="3277061031" landy="3273277375" landz="3248422912" landh="16129"/>
	<entry type="scalablearea" name="Scalable Area" zone="266" index="443" posx="-307.847992" posy="50.631001" posz="-20.215000" menuid="33" landx="3281649271" landy="1111020274" landz="3256850056" landh="16129"/>
	<entry type="scalablearea" name="Scalable Area" zone="266" index="442" posx="-307.947998" posy="48.549999" posz="-39.912998" menuid="32" landx="3281570333" landy="1112774804" landz="3248518857" landh="57345"/>
	<entry type="scalablearea" name="Scalable Area" zone="266" index="444" posx="-271.360992" posy="228.085007" posz="-39.905998" menuid="34" landx="3280302932" landy="1130456286" landz="3248517809" landh="7937"/>
	<entry type="scalablearea" name="Scalable Area" zone="266" index="445" posx="-268.987000" posy="228.022995" posz="-20.115999" menuid="35" landx="3280530047" landy="1130658399" landz="3256844813" landh="32513"/>
	<entry type="scalablearea" name="Scalable Area" zone="266" index="446" posx="-105.022003" posy="177.664993" posz="-18.100000" menuid="36" landx="3268751656" landy="1127564313" landz="0" landh="44545"/>
	<entry type="scalablearea" name="Scalable Area" zone="266" index="447" posx="-106.697998" posy="179.453003" posz="-0.100000" menuid="37" landx="3268307321" landy="1127170180" landz="3247551546" landh="9473"/>
	<entry type="scalablearea" name="Scalable Area" zone="270" index="816" posx="-180.235001" posy="458.821991" posz="30.023001" menuid="24" landx="3274961323" landy="1139250988" landz="1101070337" landh="49153"/>
	<entry type="scalablearea" name="Scalable Area" zone="270" index="815" posx="-180.035004" posy="461.048004" posz="19.996000" menuid="23" landx="3274968007" landy="1139004998" landz="1106302731" landh="17409"/>
	<entry type="scalablearea" name="Scalable Area" zone="270" index="814" posx="58.719002" posy="180.210007" posz="20.021999" menuid="22" landx="1115387593" landy="1127478854" landz="1092735730" landh="64513"/>
	<entry type="scalablearea" name="Scalable Area" zone="270" index="813" posx="61.124001" posy="180.085007" posz="9.993000" menuid="21" landx="1113608946" landy="1127478133" landz="1101079249" landh="33537"/>
	<entry type="scalablearea" name="Scalable Area" zone="270" index="811" posx="101.028999" posy="60.025002" posz="9.997000" menuid="19" landx="1119858721" landy="1114722272" landz="1101065618" landh="33537"/>
	<entry type="scalablearea" name="Scalable Area" zone="270" index="812" posx="98.762001" posy="60.198002" posz="20.021999" menuid="20" landx="1120805979" landy="1114621871" landz="1092750410" landh="64513"/>
	<entry type="scalablearea" name="Scalable Area" zone="270" index="809" posx="139.966995" posy="21.063999" posz="9.995000" menuid="17" landx="1124862264" landy="1099000972" landz="1101081871" landh="14337"/>
	<entry type="scalablearea" name="Scalable Area" zone="270" index="810" posx="139.785004" posy="18.847000" posz="20.024000" menuid="18" landx="1124843127" landy="1102601258" landz="1092750410" landh="49409"/>
	<entry type="scalablearea" name="Scalable Area" zone="270" index="818" posx="-221.139008" posy="-259.813995" posz="30.021000" menuid="26" landx="3277390152" landy="3280077751" landz="1101069288" landh="1"/>
	<entry type="scalablearea" name="Scalable Area" zone="270" index="817" posx="-218.923996" posy="-259.993988" posz="19.995001" menuid="25" landx="3277850477" landy="3280066741" landz="1106303255" landh="32513"/>
	<entry type="scalablearea" name="Scalable Area" zone="272" index="392" posx="-374.911987" posy="184.714005" posz="-30.198999" menuid="11" landx="3283991823" landy="1127820297" landz="3256917689" landh="31745"/>
	<entry type="scalablearea" name="Scalable Area" zone="272" index="391" posx="-377.192993" posy="184.938004" posz="-40.120998" menuid="10" landx="3283761366" landy="1127810532" landz="3253872362" landh="1"/>
	<entry type="scalablearea" name="Scalable Area" zone="272" index="394" posx="-465.082001" posy="65.140999" posz="-40.258999" menuid="13" landx="3286796174" landy="1114789381" landz="3259537556" landh="16129"/>
	<entry type="scalablearea" name="Scalable Area" zone="272" index="393" posx="-465.226013" posy="62.890999" posz="-50.106998" menuid="12" landx="3286812558" landy="1116124218" landz="3256956486" landh="50177"/>
	<entry type="scalablearea" name="Scalable Area" zone="268" index="414" posx="-259.733002" posy="-298.816986" posz="-9.984000" menuid="20" landx="3280067527" landy="3281469670" landz="3248467477" landh="14337"/>
	<entry type="scalablearea" name="Scalable Area" zone="268" index="413" posx="-259.934998" posy="-301.296997" posz="-20.014000" menuid="19" landx="3280064349" landy="3281252123" landz="3239984497" landh="49409"/>
	<entry type="scalablearea" name="Scalable Area" zone="268" index="411" posx="-220.000000" posy="-341.272003" posz="-20.014000" menuid="17" landx="3277596132" landy="3282582864" landz="3239955137" landh="47873"/>
	<entry type="scalablearea" name="Scalable Area" zone="268" index="412" posx="-219.757996" posy="-338.832001" posz="-9.978000" menuid="18" landx="3277581649" landy="3282790155" landz="3248430777" landh="15873"/>
	<entry type="scalablearea" name="Scalable Area" zone="269" index="393" posx="180.203995" posy="-341.463013" posz="29.980000" menuid="14" landx="1127476167" landy="3282556912" landz="1109430371" landh="49153"/>
	<entry type="scalablearea" name="Scalable Area" zone="269" index="394" posx="180.289001" posy="-338.743988" posz="40.014999" menuid="15" landx="1127482131" landy="3282788746" landz="1106300110" landh="16129"/>
	<entry type="scalablearea" name="Scalable Area" zone="269" index="392" posx="300.253998" posy="-258.713989" posz="40.018002" menuid="13" landx="1133903184" landy="3280165438" landz="1106300110" landh="16129"/>
	<entry type="scalablearea" name="Scalable Area" zone="269" index="391" posx="300.101013" posy="-261.259003" posz="29.988001" menuid="12" landx="1133910000" landy="3279953757" landz="1109428798" landh="49153"/>
	<entry type="scalablearea" name="Scalable Area" zone="273" index="455" posx="225.149002" posy="-14.945000" posz="39.877998" menuid="201" landx="1130184639" landy="3245099451" landz="1106210456" landh="33537"/>
	<entry type="scalablearea" name="Scalable Area" zone="273" index="454" posx="222.802002" posy="-14.813000" posz="29.603001" menuid="200" landx="1130594370" landy="3245408781" landz="1109352252" landh="1"/>
</entitydata>