<entitydata>
	<entry type="eschaentrance" name="Undulating Confluence" zone="25" index="383" posx="-48.977001" posy="572.489014" posz="-23.309162" menuid="14" />
	<entry type="eschaentrance" name="Undulating Confluence" zone="126" index="514" posx="-204.531006" posy="75.318001" posz="-20.019001" menuid="65" />
	<entry type="eschaentrance" name="Undulating Confluence" zone="288" index="570" posx="-344.372009" posy="-182.309006" posz="1.619733" menuid="4" />
	<entry type="eschaentrance" name="Undulating Confluence" zone="289" index="737" posx="0.009000" posy="-471.917999" posz="-34.105850" menuid="1" />
	<entry type="dimportal" name="Dimensional Portal" zone="102" index="611" posx="420.000000" posy="-140.000000" posz="19.104002" menuid="222" />
	<entry type="dimportal" name="Dimensional Portal" zone="108" index="555" posx="220.000000" posy="140.000000" posz="19.104002" menuid="926" />
	<entry type="dimportal" name="Dimensional Portal" zone="117" index="594" posx="260.000000" posy="340.000000" posz="35.150600" menuid="926" />
	<entry type="dimportal" name="Dimensional Portal" zone="291" index="762" posx="-500.015991" posy="-494.675995" posz="-19.746655" menuid="14" />
	<entry type="dimportal" name="Dimensional Portal" zone="33" index="526" posx="25.299000" posy="579.000000" posz="-1.000000" menuid="151" />
	<entry type="dimportal" name="Dimensional Portal" zone="33" index="527" posx="-635.598999" posy="163.800003" posz="-0.998720" menuid="152" />
	<entry type="dimportal" name="Dimensional Portal" zone="33" index="528" posx="654.200012" posy="100.699997" posz="-1.000000" menuid="153" />
</entitydata>