<entitydata>
	<entry type="eschanportal" name="Eschan Portal #1" zone="288" index="586" posx="-342.000000" posy="-172.000000" posz="-0.070000" menuid="9100" number="1" param="0" bitflag="96" landx="3282796545" landy="3274440705" landz="3180289065" landh="1"/>
	<entry type="eschanportal" name="Eschan Portal #2" zone="288" index="586" posx="-303.000000" posy="309.000000" posz="-0.030000" number="2" param="1" bitflag="97" landx="3281485824" landy="1134166016" landz="3170222736" landh="48897"/>
	<entry type="eschanportal" name="Eschan Portal #3" zone="288" index="588" posx="-261.000000" posy="-15.000000" posz="0.670000" menuid="9100" number="3" param="2" bitflag="98" landx="3280109568" landy="3246391296" landz="1059816735" landh="48897"/>
	<entry type="eschanportal" name="Eschan Portal #4" zone="288" index="589" posx="-110.000000" posy="-242.000000" posz="0.120000" menuid="9100" number="4" param="3" bitflag="99" landx="3269197825" landy="3278962689" landz="1039516304" landh="16129"/>
	<entry type="eschanportal" name="Eschan Portal #5" zone="288" index="589" posx="246.000000" posy="-148.000000" posz="0.270000" number="5" param="4" bitflag="100" landx="1131741185" landy="3272867840" landz="1049247089" landh="1"/>
	<entry type="eschanportal" name="Eschan Portal #6" zone="288" index="590" posx="452.000000" posy="-343.000000" posz="1.390000" number="6" param="5" bitflag="101" landx="1138884609" landy="3282829313" landz="1068624774" landh="48897"/>
	<entry type="eschanportal" name="Eschan Portal #7" zone="288" index="592" posx="192.000000" posy="-318.000000" posz="0.200000" menuid="9100" number="7" param="6" bitflag="102" landx="1128202241" landy="3281977344" landz="1045220557" landh="1"/>
	<entry type="eschanportal" name="Eschan Portal #8" zone="288" index="592" posx="-135.000000" posy="-453.000000" posz="1.800000" number="8" param="7" bitflag="103" landx="3271950336" landy="3286433793" landz="1072064103" landh="40705"/>
	<entry type="eschanportal" name="Eschan Portal #1" zone="289" index="752" posx="10.000000" posy="-463.000000" posz="-34.000000" menuid="9100" number="1" param="8" bitflag="104" landx="1092616192" landy="3286761473" landz="3255304192" landh="48897"/>
	<entry type="eschanportal" name="Eschan Portal #2" zone="289" index="753" posx="-274.500000" posy="-377.500000" posz="-40.500000" menuid="9100" number="2" param="9" bitflag="105" landx="3280584704" landy="3283959809" landz="3257008129" landh="57089"/>
	<entry type="eschanportal" name="Eschan Portal #3" zone="289" index="754" posx="-455.000000" posy="-147.500000" posz="-3.500000" menuid="9100" number="3" param="10" bitflag="106" landx="3286433793" landy="3272835072" landz="3227516929" landh="32513"/>
	<entry type="eschanportal" name="Eschan Portal #4" zone="289" index="755" posx="-451.500000" posy="-306.500000" posz="-71.419998" menuid="9100" number="4" param="11" bitflag="107" landx="3286384641" landy="3281633280" landz="3264141067" landh="57089"/>
	<entry type="eschanportal" name="Eschan Portal #5" zone="289" index="755" posx="-443.500000" posy="144.000000" posz="-40.500000" number="5" param="12" bitflag="108" landx="3286122497" landy="1125122048" landz="3257008129" landh="1"/>
	<entry type="eschanportal" name="Eschan Portal #6" zone="289" index="757" posx="-281.500000" posy="387.500000" posz="-3.500000" menuid="9100" number="6" param="13" bitflag="109" landx="3280748544" landy="1136738305" landz="3227516929" landh="40705"/>
	<entry type="eschanportal" name="Eschan Portal #7" zone="289" index="758" posx="-430.500000" posy="334.500000" posz="-71.849998" menuid="9100" number="7" param="14" bitflag="110" landx="3285696513" landy="1135067137" landz="3264197428" landh="7937"/>
	<entry type="eschanportal" name="Eschan Portal #8" zone="289" index="758" posx="0.000000" posy="465.500000" posz="-40.500000" number="8" param="15" bitflag="111" landx="0" landy="1139359745" landz="3257008129" landh="16129"/>
	<entry type="eschanportal" name="Eschan Portal #9" zone="289" index="760" posx="279.500000" posy="385.000000" posz="-3.630000" menuid="9100" number="9" param="16" bitflag="112" landx="1133199360" landy="1136656385" landz="3228062188" landh="57089"/>
	<entry type="eschanportal" name="Eschan Portal #10" zone="289" index="761" posx="185.000000" posy="513.500000" posz="-71.849998" menuid="9100" number="10" param="17" bitflag="113" landx="1127874561" landy="1140891648" landz="3264197428" landh="24321"/>
	<entry type="eschanportal" name="Eschan Portal #11" zone="289" index="762" posx="443.500000" posy="144.000000" posz="-40.000000" menuid="9100" number="11" param="18" bitflag="114" landx="1138638849" landy="1125122048" landz="3256877056" landh="32513"/>
	<entry type="eschanportal" name="Eschan Portal #12" zone="289" index="763" posx="455.500000" posy="-147.500000" posz="-3.600000" menuid="9100" number="12" param="19" bitflag="115" landx="1138966529" landy="3272835072" landz="3227936359" landh="1"/>
	<entry type="eschanportal" name="Eschan Portal #13" zone="289" index="764" posx="545.500000" posy="-17.000000" posz="-71.500000" menuid="9100" number="13" param="20" bitflag="116" landx="1141415936" landy="3246915584" landz="3264151552" landh="32513"/>
	<entry type="eschanportal" name="Eschan Portal #14" zone="289" index="765" posx="274.000000" posy="-376.500000" posz="-40.500000" menuid="9100" number="14" param="21" bitflag="117" landx="1133084672" landy="3283927041" landz="3257008129" landh="40705"/>
	<entry type="eschanportal" name="Eschan Portal #15" zone="289" index="766" posx="-1.200000" posy="-580.500000" posz="-52.000000" menuid="9100" number="15" param="22" bitflag="118" landx="3214514586" landy="3289473024" landz="3260022785" landh="48897"/>
	<entry type="eschanportal" name="Ethereal Ingress #1" zone="291" index="824" posx="-494.440002" posy="-476.480011" posz="-19.000000" menuid="9100" number="1" param="23" bitflag="119" landx="3287791699" landy="3287170417" landz="3247964160" landh="1"/>
	<entry type="eschanportal" name="Ethereal Ingress #2" zone="291" index="824" posx="-404.000000" posy="85.000000" posz="-55.000000" number="2" param="24" bitflag="120" landx="3284795393" landy="1118568449" landz="3260809217" landh="16129"/>
	<entry type="eschanportal" name="Ethereal Ingress #3" zone="291" index="825" posx="-531.400024" posy="398.750000" posz="-50.000000" number="3" param="25" bitflag="121" landx="3288635802" landy="1137172481" landz="3259498497" landh="24321"/>
	<entry type="eschanportal" name="Ethereal Ingress #4" zone="291" index="826" posx="-554.400024" posy="603.000000" posz="-48.750000" number="4" param="26" bitflag="122" landx="3289029018" landy="1142325248" landz="3259170817" landh="48897"/>
	<entry type="eschanportal" name="Ethereal Ingress #5" zone="291" index="828" posx="107.000000" posy="598.000000" posz="-75.400002" menuid="9100" number="5" param="27" bitflag="123" landx="1121320961" landy="1142276096" landz="3264662733" landh="16129"/>
	<entry type="eschanportal" name="Ethereal Ingress #6" zone="291" index="829" posx="242.500000" posy="106.000000" posz="-87.400002" menuid="9100" number="6" param="28" bitflag="124" landx="1131642881" landy="1121189889" landz="3266235597" landh="32513"/>
	<entry type="eschanportal" name="Ethereal Ingress #7" zone="291" index="829" posx="640.599976" posy="-911.200012" posz="-374.000000" number="7" param="29" bitflag="125" landx="1142974055" landy="3294891214" landz="3283812353" landh="40705"/>
	<entry type="eschanportal" name="Ethereal Ingress #8" zone="291" index="831" posx="-368.720001" posy="211.449997" posz="-113.300003" menuid="9100" number="8" param="30" bitflag="194" landx="3283639338" landy="1129607988" landz="3269630362" landh="16129"/>
	<entry type="eschanportal" name="Ethereal Ingress #9" zone="291" index="831" posx="-580.000000" posy="-1065.000000" posz="-417.399994" number="9" param="31" bitflag="127" landx="3289464832" landy="3297058816" landz="3285234484" landh="1"/>
	<entry type="eschanportal" name="Ethereal Ingress #10" zone="291" index="833" posx="-389.220001" posy="-835.130005" posz="-439.709991" menuid="9100" number="10" param="32" bitflag="194" landx="3284343850" landy="3293628499" landz="3285965538" landh="1"/>
</entitydata>