<entitydata>
	<entry alias="Southern San d'Oria" type="homepoint" name="Home Point #1" zone="230" index="135" posx="-85.468002" posy="-66.454002" posz="1.000000" menuid="8700" number="1" param="0" bitflag="96" landx="3265851294" landy="3263359091" landz="1065353216" landh="24321"/>
	<entry alias="Southern San d'Oria2" type="homepoint" name="Home Point #2" zone="230" index="136" posx="45.000000" posy="-35.000000" posz="2.000000" menuid="8701" number="2" param="1" bitflag="97" landx="1110704129" landy="3255304192" landz="1073741824" landh="16129"/>
	<entry alias="Southern San d'Oria3" type="homepoint" name="Home Point #3" zone="230" index="137" posx="140.000000" posy="123.000000" posz="-2.000000" menuid="8702" number="3" param="2" bitflag="98" landx="1124859904" landy="1123549185" landz="3221225472" landh="16129"/>
	<entry alias="Northern San d'Oria" type="homepoint" name="Home Point #1" zone="231" index="112" posx="-178.100998" posy="71.278999" posz="4.000000" menuid="8700" number="1" param="3" bitflag="99" landx="3274906076" landy="1116638938" landz="1082130432" landh="1"/>
	<entry alias="Northern San d'Oria2" type="homepoint" name="Home Point #2" zone="231" index="113" posx="10.000000" posy="95.000000" posz="-0.199000" menuid="8701" number="2" param="4" bitflag="100" landx="1092616192" landy="1119617025" landz="3192704205" landh="48897"/>
	<entry alias="Northern San d'Oria3" type="homepoint" name="Home Point #3" zone="231" index="114" posx="70.000000" posy="10.000000" posz="-0.199000" menuid="8702" number="3" param="5" bitflag="101" landx="1116340224" landy="1091567616" landz="3192704205" landh="57089"/>
	<entry alias="Port San d'Oria" type="homepoint" name="Home Point #1" zone="232" index="86" posx="-38.000000" posy="-63.000000" posz="-4.000000" menuid="8700" number="1" param="6" bitflag="102" landx="3256352768" landy="3263168512" landz="3229614080" landh="48897"/>
	<entry alias="Port San d'Oria2" type="homepoint" name="Home Point #2" zone="232" index="87" posx="48.000000" posy="-105.000000" posz="-12.000000" number="2" param="7" bitflag="103" landx="1111752705" landy="3268673537" landz="3242196993" landh="40705"/>
	<entry alias="Port San d'Oria3" type="homepoint" name="Home Point #3" zone="232" index="88" posx="-6.000000" posy="-150.000000" posz="-13.000000" menuid="8702" number="3" param="8" bitflag="104" landx="3233808385" landy="3273064448" landz="3243245569" landh="48897"/>
	<entry alias="Bastok Mines" type="homepoint" name="Home Point #1" zone="234" index="68" posx="39.188999" posy="-42.618000" posz="0.000000" number="1" param="9" bitflag="105" landx="1108918666" landy="3257563350" landz="0" landh="1"/>
	<entry alias="Bastok Mines2" type="homepoint" name="Home Point #2" zone="234" index="69" posx="118.000000" posy="-58.000000" posz="0.994357" menuid="8701" number="2" param="10" bitflag="106" landx="1122631681" landy="3261595649" landz="1065353216" landh="1"/>
	<entry alias="Bastok Markets" type="homepoint" name="Home Point #1" zone="235" index="84" posx="-344.000000" posy="-155.000000" posz="-10.004082" menuid="8700" number="1" param="11" bitflag="107" landx="3282796545" landy="3273392128" landz="3240099840" landh="40705"/>
	<entry alias="Bastok Markets2" type="homepoint" name="Home Point #2" zone="235" index="85" posx="-328.000000" posy="-33.000000" posz="-12.000000" menuid="8701" number="2" param="12" bitflag="108" landx="3282337793" landy="3255042048" landz="3242196993" landh="1"/>
	<entry alias="Bastok Markets3" type="homepoint" name="Home Point #3" zone="235" index="86" posx="-189.000000" posy="26.000000" posz="-8.000000" number="3" param="13" bitflag="109" landx="3275554817" landy="1104674817" landz="3238002688" landh="16129"/>
	<entry alias="Port Bastok" type="homepoint" name="Home Point #1" zone="236" index="72" posx="126.000000" posy="8.000000" posz="8.499990" number="1" param="14" bitflag="110" landx="1123680257" landy="1088421889" landz="1091043328" landh="57089"/>
	<entry alias="Port Bastok2" type="homepoint" name="Home Point #2" zone="236" index="73" posx="40.000000" posy="-238.000000" posz="8.499990" menuid="8701" number="2" param="15" bitflag="111" landx="1109655553" landy="3278766081" landz="1091043328" landh="32513"/>
	<entry alias="Metalworks" type="homepoint" name="Home Point #1" zone="237" index="213" posx="45.000000" posy="-19.000000" posz="-14.000000" number="1" param="16" bitflag="112" landx="1110704129" landy="3247439872" landz="3244294145" landh="16129"/>
	<entry alias="Windurst Waters" type="homepoint" name="Home Point #1" zone="238" index="152" posx="-32.021999" posy="131.740997" posz="-5.000000" number="1" param="17" bitflag="113" landx="3255047816" landy="1124318643" landz="3231711232" landh="1"/>
	<entry alias="Windurst Waters2" type="homepoint" name="Home Point #2" zone="238" index="153" posx="138.000000" posy="-14.000000" posz="0.000024" menuid="8701" number="2" param="18" bitflag="114" landx="1124663296" landy="3244294145" landz="0" landh="1"/>
	<entry alias="Windurst Walls" type="homepoint" name="Home Point #1" zone="239" index="103" posx="-72.070000" posy="124.783997" posz="-5.008373" menuid="8700" number="1" param="19" bitflag="115" landx="3264357335" landy="1123651945" landz="3231738495" landh="1"/>
	<entry alias="Windurst Walls2" type="homepoint" name="Home Point #2" zone="239" index="104" posx="-212.000000" posy="-99.000000" posz="0.000000" menuid="8701" number="2" param="20" bitflag="116" landx="3277062145" landy="3267887105" landz="0" landh="48897"/>
	<entry alias="Windurst Walls3" type="homepoint" name="Home Point #3" zone="239" index="105" posx="31.000000" posy="-40.000000" posz="-6.500000" number="3" param="21" bitflag="117" landx="1106771969" landy="3256614912" landz="3234856961" landh="16129"/>
	<entry alias="Port Windurst" type="homepoint" name="Home Point #1" zone="240" index="140" posx="-188.000000" posy="101.000000" posz="-4.166667" number="1" param="22" bitflag="118" landx="3275489281" landy="1120403457" landz="3229614080" landh="48897"/>
	<entry alias="Port Windurst2" type="homepoint" name="Home Point #2" zone="240" index="141" posx="-207.000000" posy="210.000000" posz="-8.144755" menuid="8701" number="2" param="23" bitflag="119" landx="3276800001" landy="1129381889" landz="3238170461" landh="57089"/>
	<entry alias="Port Windurst3" type="homepoint" name="Home Point #3" zone="240" index="142" posx="180.000000" posy="226.000000" posz="-12.000000" menuid="8702" number="3" param="24" bitflag="120" landx="1127415809" landy="1130496001" landz="3242196993" landh="1"/>
	<entry alias="Windurst Woods" type="homepoint" name="Home Point #1" zone="241" index="184" posx="9.088000" posy="-0.383000" posz="-2.500000" number="1" param="25" bitflag="121" landx="1092708467" landy="1058927543" landz="3223322624" landh="24321"/>
	<entry alias="Windurst Woods2" type="homepoint" name="Home Point #2" zone="241" index="185" posx="107.000000" posy="-56.000000" posz="-5.000000" menuid="8701" number="2" param="26" bitflag="122" landx="1121452033" landy="3261071361" landz="3231711232" landh="32513"/>
	<entry alias="Windurst Woods3" type="homepoint" name="Home Point #3" zone="241" index="186" posx="-92.000000" posy="62.000000" posz="-5.000000" menuid="8702" number="3" param="27" bitflag="123" landx="3266838529" landy="1115422721" landz="3231711232" landh="16129"/>
	<entry alias="Windurst Woods4" type="homepoint" name="Home Point #4" zone="241" index="187" posx="74.000000" posy="-139.000000" posz="-7.425000" menuid="8703" number="4" param="28" bitflag="124" landx="1117126656" landy="3272278016" landz="3236954113" landh="32513"/>
	<entry alias="Ru'Lude Gardens" type="homepoint" name="Home Point #1" zone="243" index="255" posx="-6.000000" posy="0.000000" posz="3.000000" menuid="8700" number="1" param="29" bitflag="125" landx="3233808385" landy="3212836864" landz="1077936129" landh="48897"/>
	<entry alias="Ru'Lude Gardens2" type="homepoint" name="Home Point #2" zone="243" index="256" posx="53.000000" posy="-57.000000" posz="9.000000" menuid="8701" number="2" param="30" bitflag="126" landx="1112801281" landy="3261071361" landz="1091567616" landh="16129"/>
	<entry alias="Ru'Lude Gardens3" type="homepoint" name="Home Point #3" zone="243" index="257" posx="-67.000000" posy="-25.000000" posz="6.000000" menuid="8702" number="3" param="31" bitflag="127" landx="3263561728" landy="3251634177" landz="1086324737" landh="48897"/>
	<entry alias="Upper Jeuno" type="homepoint" name="Home Point #1" zone="244" index="87" posx="-98.981003" posy="167.569000" posz="-0.000053" menuid="8700" number="1" param="32" bitflag="128" landx="3267884614" landy="1126666667" landz="0" landh="1"/>
	<entry alias="Upper Jeuno2" type="homepoint" name="Home Point #2" zone="244" index="88" posx="32.000000" posy="-44.000000" posz="-0.999950" number="2" param="33" bitflag="129" landx="1106771969" landy="3257925633" landz="3212836864" landh="1"/>
	<entry alias="Upper Jeuno3" type="homepoint" name="Home Point #3" zone="244" index="89" posx="-52.000000" posy="16.000000" posz="0.999812" menuid="8702" number="3" param="34" bitflag="130" landx="3260022785" landy="1097859073" landz="1065353216" landh="48897"/>
	<entry alias="Lower Jeuno" type="homepoint" name="Home Point #1" zone="245" index="137" posx="-98.587997" posy="-183.416000" posz="-0.000042" menuid="8700" number="1" param="35" bitflag="131" landx="3267833103" landy="3275188864" landz="0" landh="1"/>
	<entry alias="Lower Jeuno2" type="homepoint" name="Home Point #2" zone="245" index="138" posx="18.000000" posy="54.000000" posz="-0.999988" menuid="8701" number="2" param="36" bitflag="132" landx="1100480512" landy="1112801281" landz="3212836864" landh="40705"/>
	<entry alias="Port Jeuno" type="homepoint" name="Home Point #1" zone="246" index="57" posx="37.076000" posy="8.831000" posz="0.000000" menuid="8700" number="1" param="37" bitflag="133" landx="1108364755" landy="1091390407" landz="0" landh="1"/>
	<entry alias="Port Jeuno2" type="homepoint" name="Home Point #2" zone="246" index="58" posx="-155.000000" posy="-4.000000" posz="-1.000000" menuid="8701" number="2" param="38" bitflag="134" landx="3273326592" landy="3225419777" landz="3212836864" landh="16129"/>
	<entry alias="Kazham" type="homepoint" name="Home Point #1" zone="250" index="89" posx="77.653999" posy="-94.457001" posz="-13.000000" menuid="8700" number="1" param="39" bitflag="135" landx="0" landy="0" landz="0" landh="0"/>
	<entry alias="Mhaura" type="homepoint" name="Home Point #1" zone="249" index="41" posx="-12.750000" posy="87.286003" posz="-15.785148" menuid="8700" number="1" param="40" bitflag="136" landx="0" landy="0" landz="0" landh="0"/>
	<entry alias="Norg" type="homepoint" name="Home Point #1" zone="252" index="52" posx="-26.910000" posy="-47.164001" posz="0.298278" menuid="8700" number="1" param="41" bitflag="137" landx="3251586991" landy="3258492912" landz="1050119504" landh="24321"/>
	<entry alias="Rabao" type="homepoint" name="Home Point #1" zone="247" index="27" posx="-29.275999" posy="-76.584999" posz="0.000000" menuid="8700" number="1" param="42" bitflag="138" landx="3253351744" landy="3264949126" landz="0" landh="48897"/>
	<entry alias="Selbina" type="homepoint" name="Home Point #1" zone="248" index="45" posx="36.117001" posy="34.634998" posz="-10.708529" menuid="8700" number="1" param="43" bitflag="139" landx="0" landy="0" landz="0" landh="0"/>
	<entry alias="Western Adoulin" type="homepoint" name="Home Point #1" zone="256" index="115" posx="-84.434998" posy="-32.303001" posz="4.000000" menuid="8700" number="1" param="44" bitflag="140" landx="3265978041" landy="3254414476" landz="1082126238" landh="7937"/>
	<entry alias="Eastern Adoulin" type="homepoint" name="Home Point #1" zone="257" index="87" posx="-51.856998" posy="59.876999" posz="-0.150000" menuid="8700" number="1" param="45" bitflag="141" landx="3260247442" landy="1114341901" landz="3189348762" landh="57089"/>
	<entry alias="Ceizak Battlegrounds" type="homepoint" name="Home Point #1" zone="261" index="587" posx="-107.000000" posy="295.000000" posz="3.218919" number="1" param="46" bitflag="142" landx="0" landy="0" landz="0" landh="0"/>
	<entry alias="Foret de Hennetiel" type="homepoint" name="Home Point #1" zone="262" index="611" posx="-193.000000" posy="-252.000000" posz="-0.533542" number="1" param="47" bitflag="143" landx="0" landy="0" landz="0" landh="0"/>
	<entry alias="Morimar Basalt Fields" type="homepoint" name="Home Point #1" zone="265" index="838" posx="-415.000000" posy="409.000000" posz="-63.208729" number="1" param="48" bitflag="144" landx="0" landy="0" landz="0" landh="0"/>
	<entry alias="Yorcia Weald" type="homepoint" name="Home Point #1" zone="263" index="637" posx="-420.000000" posy="-62.000000" posz="0.925854" number="1" param="49" bitflag="145" landx="0" landy="0" landz="0" landh="0"/>
	<entry alias="Marjami Ravine" type="homepoint" name="Home Point #1" zone="266" index="469" posx="-23.000000" posy="174.000000" posz="-0.228301" number="1" param="50" bitflag="146" landx="0" landy="0" landz="0" landh="0"/>
	<entry alias="Kamihr Drifts" type="homepoint" name="Home Point #1" zone="267" index="370" posx="210.000000" posy="315.000000" posz="20.286486" menuid="8700" number="1" param="51" bitflag="147" landx="0" landy="0" landz="0" landh="0"/>
	<entry alias="Yughott Grotto" type="homepoint" name="Home Point #1" zone="142" index="246" posx="434.000000" posy="171.000000" posz="-40.252464" number="1" param="52" bitflag="148" landx="0" landy="0" landz="0" landh="0"/>
	<entry alias="Palborough Mines" type="homepoint" name="Home Point #1" zone="143" index="433" posx="109.000000" posy="-147.000000" posz="-38.470428" number="1" param="53" bitflag="149" landx="0" landy="0" landz="0" landh="0"/>
	<entry alias="Giddeus" type="homepoint" name="Home Point #1" zone="145" index="480" posx="-132.000000" posy="-303.000000" posz="-3.013060" number="1" param="54" bitflag="150" landx="0" landy="0" landz="0" landh="0"/>
	<entry alias="Fei'Yin" type="homepoint" name="Home Point #1" zone="204" index="477" posx="243.000000" posy="62.000000" posz="-24.250000" number="1" param="55" bitflag="151" landx="1131544577" landy="1115160577" landz="3250847745" landh="1"/>
	<entry alias="Quicksand Caves" type="homepoint" name="Home Point #1" zone="208" index="593" posx="-984.000000" posy="-289.000000" posz="17.067019" number="1" param="56" bitflag="152" landx="3296067585" landy="3281059840" landz="1099431936" landh="48897"/>
	<entry alias="Den of Rancor" type="homepoint" name="Home Point #1" zone="160" index="520" posx="-80.000000" posy="62.000000" posz="45.999992" number="1" param="57" bitflag="153" landx="3265134592" landy="1115160577" landz="1110966273" landh="32513"/>
	<entry alias="Castle Zvahl Keep" type="homepoint" name="Home Point #1" zone="162" index="334" posx="-554.000000" posy="66.000000" posz="-70.000000" number="1" param="58" bitflag="154" landx="0" landy="0" landz="0" landh="0"/>
	<entry alias="Ru'Aun Gardens" type="homepoint" name="Home Point #1" zone="130" index="421" posx="5.000000" posy="526.000000" posz="-42.017708" number="1" param="59" bitflag="155" landx="1084227584" landy="1141063680" landz="3257401345" landh="48897"/>
	<entry alias="Ru'Aun Gardens2" type="homepoint" name="Home Point #2" zone="130" index="422" posx="-312.000000" posy="-422.000000" posz="-42.011894" number="2" param="60" bitflag="156" landx="3281747968" landy="3285352449" landz="3257401345" landh="24321"/>
	<entry alias="Ru'Aun Gardens3" type="homepoint" name="Home Point #3" zone="130" index="423" posx="-499.000000" posy="167.000000" posz="-42.018562" number="3" param="61" bitflag="157" landx="3287875585" landy="1126629377" landz="3257401345" landh="32513"/>
	<entry alias="Ru'Aun Gardens4" type="homepoint" name="Home Point #4" zone="130" index="424" posx="500.000000" posy="158.000000" posz="-42.009193" number="4" param="62" bitflag="158" landx="1140424705" landy="1126039552" landz="3257401345" landh="1"/>
	<entry alias="Ru'Aun Gardens5" type="homepoint" name="Home Point #5" zone="130" index="425" posx="305.000000" posy="-427.000000" posz="-42.011158" number="5" param="63" bitflag="159" landx="1134034944" landy="3285516289" landz="3257401345" landh="7937"/>
	<entry alias="Tavnazian Safehold" type="homepoint" name="Home Point #1" zone="26" index="89" posx="-1.250000" posy="107.425003" posz="-27.906675" number="1" param="64" bitflag="160" landx="3222274048" landy="1121245594" landz="3252633994" landh="57089"/>
	<entry alias="Aht Urhgan Whitegate" type="homepoint" name="Home Point #1" zone="50" index="38" posx="-21.129999" posy="-20.944000" posz="0.000000" menuid="8700" number="1" param="65" bitflag="161" landx="3248556606" landy="3248459088" landz="0" landh="24321"/>
	<entry alias="Nashmau" type="homepoint" name="Home Point #1" zone="53" index="28" posx="-19.860001" posy="-25.441000" posz="0.000000" number="1" param="66" bitflag="162" landx="0" landy="0" landz="0" landh="0"/>
	<entry alias="Al Zahbi" type="homepoint" name="Home Point #1" zone="48" index="0" posx="0.000000" posy="0.000000" posz="0.000000" number="1" param="67" bitflag="163" landx="0" landy="0" landz="0" landh="0"/>
	<entry alias="Southern San d'Oria [S]" type="homepoint" name="Home Point #1" zone="80" index="479" posx="-85.468002" posy="-66.454002" posz="1.000000" menuid="8700" number="1" param="68" bitflag="164" landx="0" landy="0" landz="0" landh="0"/>
	<entry alias="Bastok Markets [S]" type="homepoint" name="Home Point #1" zone="87" index="509" posx="-293.048004" posy="-102.557999" posz="-10.000000" number="1" param="69" bitflag="165" landx="0" landy="0" landz="0" landh="0"/>
	<entry alias="Windurst Waters [S]" type="homepoint" name="Home Point #1" zone="94" index="468" posx="-32.021999" posy="131.740997" posz="-5.000000" number="1" param="70" bitflag="166" landx="0" landy="0" landz="0" landh="0"/>
	<entry alias="Upper Delkfutt's Tower" type="homepoint" name="Home Point #1" zone="158" index="186" posx="-365.000000" posy="-36.000000" posz="-175.577957" number="1" param="71" bitflag="167" landx="0" landy="0" landz="0" landh="0"/>
	<entry alias="The Shrine of Ru'Avitau" type="homepoint" name="Home Point #1" zone="178" index="529" posx="-13.000000" posy="61.000000" posz="48.000000" number="1" param="72" bitflag="168" landx="0" landy="0" landz="0" landh="0"/>
	<entry alias="Riverne - Site #B01" type="homepoint" name="Home Point #1" zone="29" index="250" posx="-520.000000" posy="505.000000" posz="-18.849998" number="1" param="73" bitflag="169" landx="0" landy="0" landz="0" landh="0"/>
	<entry alias="Bhaflau Thickets" type="homepoint" name="Home Point #1" zone="52" index="410" posx="-98.000000" posy="-493.000000" posz="-9.937500" number="1" param="74" bitflag="170" landx="0" landy="0" landz="0" landh="0"/>
	<entry alias="Caedarva Mire" type="homepoint" name="Home Point #1" zone="79" index="551" posx="-449.000000" posy="-497.000000" posz="13.437500" number="1" param="75" bitflag="171" landx="0" landy="0" landz="0" landh="0"/>
	<entry alias="Uleguerand Range" type="homepoint" name="Home Point #1" zone="5" index="455" posx="65.000000" posy="181.000000" posz="-196.500000" number="1" param="76" bitflag="172" landx="1115684864" landy="1127546881" landz="3276046337" landh="1"/>
	<entry alias="Uleguerand Range2" type="homepoint" name="Home Point #2" zone="5" index="456" posx="379.000000" posy="-62.599998" posz="23.181171" number="2" param="77" bitflag="173" landx="1136525313" landy="3262801511" landz="1102577665" landh="32513"/>
	<entry alias="Uleguerand Range3" type="homepoint" name="Home Point #3" zone="5" index="457" posx="424.000000" posy="220.000000" posz="-32.500000" number="3" param="78" bitflag="174" landx="1137967105" landy="1130168321" landz="3254910976" landh="16129"/>
	<entry alias="Uleguerand Range4" type="homepoint" name="Home Point #4" zone="5" index="458" posx="64.000000" posy="460.000000" posz="-96.500000" number="4" param="79" bitflag="175" landx="1115684864" landy="1139179521" landz="3267428353" landh="16129"/>
	<entry alias="Uleguerand Range5" type="homepoint" name="Home Point #5" zone="5" index="459" posx="-219.000000" posy="-62.000000" posz="-0.973969" number="5" param="80" bitflag="176" landx="3277586433" landy="3262644225" landz="3212836864" landh="1"/>
	<entry alias="Attohwa Chasm" type="homepoint" name="Home Point #1" zone="7" index="495" posx="-200.000000" posy="342.000000" posz="-10.000000" menuid="8700" number="1" param="81" bitflag="177" landx="0" landy="0" landz="0" landh="0"/>
	<entry alias="Pso'Xja" type="homepoint" name="Home Point #1" zone="9" index="487" posx="-58.000000" posy="14.000000" posz="40.000000" number="1" param="82" bitflag="178" landx="0" landy="0" landz="0" landh="0"/>
	<entry alias="Newton Movalpolos" type="homepoint" name="Home Point #1" zone="12" index="260" posx="440.000000" posy="-18.000000" posz="27.999987" number="1" param="83" bitflag="179" landx="0" landy="0" landz="0" landh="0"/>
	<entry alias="Riverne - Site #A01" type="homepoint" name="Home Point #1" zone="30" index="303" posx="187.000000" posy="361.000000" posz="1.024996" number="1" param="84" bitflag="180" landx="0" landy="0" landz="0" landh="0"/>
	<entry alias="Al'Taieu" type="homepoint" name="Home Point #1" zone="33" index="612" posx="7.000000" posy="709.000000" posz="0.000000" number="1" param="85" bitflag="181" landx="1088421889" landy="1144061953" landz="0" landh="48897"/>
	<entry alias="Al'Taieu2" type="homepoint" name="Home Point #2" zone="33" index="613" posx="-532.000000" posy="447.000000" posz="0.000000" number="2" param="86" bitflag="182" landx="3288645632" landy="1138720769" landz="0" landh="32513"/>
	<entry alias="Al'Taieu3" type="homepoint" name="Home Point #3" zone="33" index="614" posx="569.000000" posy="410.000000" posz="0.000000" number="3" param="87" bitflag="183" landx="1141784576" landy="1137475585" landz="0" landh="48897"/>
	<entry alias="Grand Palace of Hu'Xzoi" type="homepoint" name="Home Point #1" zone="34" index="460" posx="-12.000000" posy="-288.000000" posz="0.500000" number="1" param="88" bitflag="184" landx="0" landy="0" landz="0" landh="0"/>
	<entry alias="The Garden of Ru'Hmet" type="homepoint" name="Home Point #1" zone="35" index="562" posx="-426.000000" posy="368.000000" posz="0.000000" number="1" param="89" bitflag="185" landx="0" landy="0" landz="0" landh="0"/>
	<entry alias="Mount Zhayolm" type="homepoint" name="Home Point #1" zone="61" index="553" posx="-533.000000" posy="56.500000" posz="-4.125002" number="1" param="90" bitflag="186" landx="0" landy="0" landz="0" landh="0"/>
	<entry alias="Cape Teriggan" type="homepoint" name="Home Point #1" zone="113" index="465" posx="-303.000000" posy="526.000000" posz="-8.000000" number="1" param="91" bitflag="187" landx="0" landy="0" landz="0" landh="0"/>
	<entry alias="The Boyahda Tree" type="homepoint" name="Home Point #1" zone="153" index="511" posx="88.000000" posy="-217.000000" posz="-15.387806" number="1" param="92" bitflag="188" landx="0" landy="0" landz="0" landh="0"/>
	<entry alias="Den of Rancor2" type="homepoint" name="Home Point #2" zone="160" index="521" posx="183.000000" posy="-61.000000" posz="34.543148" number="2" param="93" bitflag="189" landx="1127612417" landy="3262644225" landz="1107943752" landh="57089"/>
	<entry alias="Fei'Yin2" type="homepoint" name="Home Point #2" zone="204" index="478" posx="102.344002" posy="270.362000" posz="0.000000" number="2" param="94" bitflag="190" landx="1120710689" landy="1132899926" landz="3186060428" landh="48897"/>
	<entry alias="Ifrit's Cauldron" type="homepoint" name="Home Point #1" zone="205" index="379" posx="-63.000000" posy="81.000000" posz="49.762665" number="1" param="95" bitflag="191" landx="0" landy="0" landz="0" landh="0"/>
	<entry alias="Quicksand Caves2" type="homepoint" name="Home Point #2" zone="208" index="594" posx="573.000000" posy="-499.000000" posz="8.951357" number="2" param="96" bitflag="192" landx="1141850112" landy="3287941121" landz="1091515188" landh="48897"/>
	<entry alias="Southern San d'Oria4" type="homepoint" name="Home Point #4" zone="230" index="138" posx="-165.000000" posy="11.000000" posz="-1.000000" menuid="8703" number="4" param="97" bitflag="193" landx="3273916417" landy="1093664769" landz="3212836864" landh="32513"/>
	<entry alias="Northern San d'Oria4" type="homepoint" name="Home Point #4" zone="231" index="115" posx="-133.000000" posy="195.000000" posz="12.000000" menuid="8703" number="4" param="98" bitflag="194" landx="3271950336" landy="1128464385" landz="1094713345" landh="1"/>
	<entry alias="Bastok Mines3" type="homepoint" name="Home Point #3" zone="234" index="70" posx="87.000000" posy="1.000000" posz="7.000000" menuid="8702" number="3" param="99" bitflag="195" landx="1118568449" landy="1065353216" landz="1088421889" landh="1"/>
	<entry alias="Bastok Markets4" type="homepoint" name="Home Point #4" zone="235" index="87" posx="-191.000000" posy="-69.000000" posz="-6.000000" menuid="8703" number="4" param="100" bitflag="196" landx="3275620353" landy="3263692800" landz="3233808385" landh="24321"/>
	<entry alias="Port Bastok3" type="homepoint" name="Home Point #3" zone="236" index="74" posx="-127.000000" posy="10.000000" posz="-6.000000" menuid="8702" number="3" param="101" bitflag="197" landx="3271294977" landy="1093664769" landz="3233808385" landh="24321"/>
	<entry alias="Metalworks2" type="homepoint" name="Home Point #2" zone="237" index="214" posx="-78.000000" posy="3.000000" posz="2.000000" menuid="8701" number="2" param="102" bitflag="198" landx="3264872448" landy="1077936129" landz="1073741824" landh="32513"/>
	<entry alias="Windurst Waters3" type="homepoint" name="Home Point #3" zone="238" index="154" posx="5.000000" posy="-175.000000" posz="-4.000000" number="3" param="103" bitflag="199" landx="1082130432" landy="3274637313" landz="3229614080" landh="1"/>
	<entry alias="Norg2" type="homepoint" name="Home Point #2" zone="252" index="53" posx="-66.000000" posy="54.000000" posz="-5.142931" menuid="8701" number="2" param="104" bitflag="200" landx="3263299584" landy="1113063425" landz="3232130663" landh="32513"/>
	<entry alias="Rabao2" type="homepoint" name="Home Point #2" zone="247" index="28" posx="-21.000000" posy="110.000000" posz="8.099609" menuid="8701" number="2" param="105" bitflag="201" landx="3249012737" landy="1121845249" landz="1090655355" landh="16129"/>
	<entry alias="Aht Urhgan Whitegate2" type="homepoint" name="Home Point #2" zone="50" index="39" posx="130.000000" posy="-16.000000" posz="0.000000" number="2" param="106" bitflag="202" landx="1124139008" landy="3246391296" landz="0" landh="1"/>
	<entry alias="Aht Urhgan Whitegate3" type="homepoint" name="Home Point #3" zone="50" index="40" posx="-108.000000" posy="108.000000" posz="-6.000000" menuid="8702" number="3" param="107" bitflag="203" landx="3268804609" landy="1121452033" landz="3233808385" landh="32513"/>
	<entry alias="Aht Urhgan Whitegate4" type="homepoint" name="Home Point #4" zone="50" index="41" posx="-99.000000" posy="-68.000000" posz="0.000000" menuid="8703" number="4" param="108" bitflag="204" landx="3267624961" landy="3263692800" landz="0" landh="32513"/>
	<entry alias="Western Adoulin2" type="homepoint" name="Home Point #2" zone="256" index="116" posx="31.950001" posy="-164.000000" posz="0.000000" menuid="8701" number="2" param="109" bitflag="205" landx="1106745754" landy="3273850881" landz="0" landh="7937"/>
	<entry alias="Eastern Adoulin2" type="homepoint" name="Home Point #2" zone="257" index="88" posx="-51.500000" posy="-96.500000" posz="-0.150000" menuid="8701" number="2" param="110" bitflag="206" landx="3259629569" landy="3267297281" landz="3189348762" landh="24321"/>
	<entry alias="Xarcabard [S]" type="homepoint" name="Home Point #1" zone="137" index="891" posx="223.332993" posy="-254.167007" posz="-13.826141" menuid="8700" number="1" param="111" bitflag="207" landx="0" landy="0" landz="0" landh="0"/>
	<entry alias="Leafallia" type="homepoint" name="Home Point #1" zone="281" index="63" posx="4.000000" posy="8.500000" posz="-0.145709" menuid="8700" number="1" param="112" bitflag="208" landx="0" landy="0" landz="0" landh="0"/>
	<entry alias="Castle Zvahl Keep [S]" type="homepoint" name="Home Point #1" zone="155" index="707" posx="-554.000000" posy="66.000000" posz="-70.000000" number="1" param="113" bitflag="209" landx="0" landy="0" landz="0" landh="0"/>
	<entry alias="Qufim Island" type="homepoint" name="Home Point #1" zone="126" index="515" posx="-212.000000" posy="93.000000" posz="-20.968168" menuid="8700" number="1" param="114" bitflag="210" landx="0" landy="0" landz="0" landh="0"/>
	<entry alias="Toraimarai Canal" type="homepoint" name="Home Point #1" zone="169" index="416" posx="-257.500000" posy="82.000000" posz="24.000000" number="1" param="115" bitflag="211" landx="0" landy="0" landz="0" landh="0"/>
	<entry alias="Ra'Kaznar Inner Court" type="homepoint" name="Home Point #1" zone="276" index="550" posx="757.000000" posy="17.500000" posz="119.997742" number="1" param="116" bitflag="212" landx="0" landy="0" landz="0" landh="0"/>
	<entry alias="Misareaux Coast" type="homepoint" name="Home Point #1" zone="25" index="394" posx="-65.000000" posy="563.000000" posz="-17.522312" menuid="8700" number="1" param="117" bitflag="213" landx="0" landy="0" landz="0" landh="0"/>
	<entry alias="Windurst Waters4" type="homepoint" name="Home Point #4" zone="238" index="155" posx="-92.000000" posy="54.000000" posz="-2.000000" menuid="8703" number="4" param="118" bitflag="214" landx="3266838529" landy="1112801281" landz="3221225472" landh="48897"/>
	<entry alias="Windurst Woods5" type="homepoint" name="Home Point #5" zone="241" index="188" posx="-43.500000" posy="-145.000000" posz="0.000000" menuid="8704" number="5" param="119" bitflag="215" landx="3258056705" landy="3272671232" landz="0" landh="1"/>
	<entry alias="Tavnazian Safehold2" type="homepoint" name="Home Point #2" zone="26" index="90" posx="14.000000" posy="-5.000000" posz="-9.960064" number="2" param="120" bitflag="216" landx="1095761921" landy="3231711232" landz="3240099840" landh="1"/>
	<entry alias="Tavnazian Safehold3" type="homepoint" name="Home Point #3" zone="26" index="91" posx="73.589996" posy="38.869999" posz="-36.149361" number="3" param="121" bitflag="217" landx="1117072917" landy="1109097186" landz="3255867802" landh="32513"/>
</entitydata>