<entitydata>
	<entry alias="Northern San d'Oria" type="survivalguide" name="Survival Guide" zone="231" index="430" posx="-174.000000" posy="80.000000" posz="4.000000" param="0" bitflag="184" />
	<entry alias="Bastok Mines" type="survivalguide" name="Survival Guide" zone="234" index="311" posx="20.000000" posy="-115.000000" posz="0.000000" param="1" bitflag="185" />
	<entry alias="Port Windurst" type="survivalguide" name="Survival Guide" zone="240" index="253" posx="-220.000000" posy="179.000000" posz="-8.135702" menuid="8500" param="2" bitflag="186" />
	<entry alias="Ru'Lude Gardens" type="survivalguide" name="Survival Guide" zone="243" index="260" posx="43.000000" posy="-69.000000" posz="10.000000" param="3" bitflag="187" />
	<entry alias="Tavnazian Safehold" type="survivalguide" name="Survival Guide" zone="26" index="184" posx="-5.000000" posy="102.000000" posz="-28.187042" param="4" bitflag="243" />
	<entry alias="Aht Urhgan Whitegate" type="survivalguide" name="Survival Guide" zone="50" index="628" posx="134.000000" posy="17.000000" posz="0.000000" param="5" bitflag="244" />
	<entry alias="West Ronfaure" type="survivalguide" name="Survival Guide" zone="100" index="743" posx="-452.571014" posy="-217.970001" posz="-19.879543" param="6" bitflag="160" />
	<entry alias="Fort Ghelsba" type="survivalguide" name="Survival Guide" zone="141" index="261" posx="-143.000000" posy="7.000000" posz="-20.010101" param="7" bitflag="194" />
	<entry alias="Bostaunieux Oubliette" type="survivalguide" name="Survival Guide" zone="167" index="342" posx="-11.700000" posy="25.377001" posz="-0.051697" param="8" bitflag="179" />
	<entry alias="King Ranperre's Tomb" type="survivalguide" name="Survival Guide" zone="190" index="521" posx="-119.000000" posy="248.500000" posz="0.000000" param="9" bitflag="201" />
	<entry alias="La Theine Plateau" type="survivalguide" name="Survival Guide" zone="102" index="721" posx="775.000000" posy="-18.000000" posz="28.494999" param="10" bitflag="188" />
	<entry alias="Valkurm Dunes" type="survivalguide" name="Survival Guide" zone="103" index="667" posx="137.000000" posy="98.000000" posz="-7.443701" param="11" bitflag="161" />
	<entry alias="Konschtat Highlands" type="survivalguide" name="Survival Guide" zone="108" index="629" posx="-222.000000" posy="827.000000" posz="71.205818" param="12" bitflag="190" />
	<entry alias="Ordelle's Caves" type="survivalguide" name="Survival Guide" zone="193" index="468" posx="-104.000000" posy="633.000000" posz="-0.217527" param="13" bitflag="204" />
	<entry alias="Gusgen Mines" type="survivalguide" name="Survival Guide" zone="196" index="396" posx="60.000000" posy="-266.000000" posz="-67.981667" param="14" bitflag="205" />
	<entry alias="Carpenters' Landing" type="survivalguide" name="Survival Guide" zone="2" index="380" posx="225.000000" posy="-528.000000" posz="-2.000000" param="15" bitflag="215" />
	<entry alias="Jugner Forest" type="survivalguide" name="Survival Guide" zone="104" index="747" posx="63.000000" posy="-14.000000" posz="0.400000" menuid="8500" param="16" bitflag="162" />
	<entry alias="Batallia Downs" type="survivalguide" name="Survival Guide" zone="105" index="669" posx="-67.000000" posy="449.000000" posz="-1.949023" param="17" bitflag="189" />
	<entry alias="Davoi" type="survivalguide" name="Survival Guide" zone="149" index="535" posx="223.000000" posy="-10.000000" posz="-0.696994" menuid="8500" param="18" bitflag="196" />
	<entry alias="The Eldieme Necropolis" type="survivalguide" name="Survival Guide" zone="195" index="512" posx="418.000000" posy="-99.500000" posz="-52.250000" param="19" bitflag="181" />
	<entry alias="North Gustaberg" type="survivalguide" name="Survival Guide" zone="106" index="728" posx="-582.687012" posy="52.280998" posz="40.000000" param="20" bitflag="163" />
	<entry alias="Zeruhn Mines" type="survivalguide" name="Survival Guide" zone="172" index="121" posx="-10.000000" posy="7.000000" posz="-0.000001" param="21" bitflag="256" />
	<entry alias="Korroloka Tunnel" type="survivalguide" name="Survival Guide" zone="173" index="444" posx="-463.000000" posy="-23.000000" posz="-10.148893" param="22" bitflag="210" />
	<entry alias="Dangruf Wadi" type="survivalguide" name="Survival Guide" zone="191" index="391" posx="-24.000000" posy="1.000000" posz="-0.337240" param="23" bitflag="202" />
	<entry alias="Pashhow Marshlands" type="survivalguide" name="Survival Guide" zone="109" index="699" posx="467.000000" posy="410.000000" posz="24.487501" param="24" bitflag="164" />
	<entry alias="Rolanberry Fields" type="survivalguide" name="Survival Guide" zone="110" index="645" posx="-228.000000" posy="386.000000" posz="4.317225" param="25" bitflag="191" />
	<entry alias="Beadeaux" type="survivalguide" name="Survival Guide" zone="147" index="544" posx="-264.000000" posy="107.000000" posz="1.545771" menuid="8501" param="26" bitflag="195" />
	<entry alias="Crawlers' Nest" type="survivalguide" name="Survival Guide" zone="197" index="385" posx="364.000000" posy="-23.000000" posz="-32.374046" param="27" bitflag="182" />
	<entry alias="West Sarutabaruta" type="survivalguide" name="Survival Guide" zone="115" index="658" posx="-13.322000" posy="315.696014" posz="-12.627255" param="28" bitflag="165" />
	<entry alias="Toraimarai Canal" type="survivalguide" name="Survival Guide" zone="169" index="415" posx="-308.216003" posy="262.000000" posz="16.000000" param="29" bitflag="180" />
	<entry alias="Inner Horutoto Ruins" type="survivalguide" name="Survival Guide" zone="192" index="279" posx="453.000000" posy="182.300003" posz="-8.000484" param="30" bitflag="203" />
	<entry alias="Bibiki Bay" type="survivalguide" name="Survival Guide" zone="4" index="376" posx="495.000000" posy="728.000000" posz="-3.035079" param="31" bitflag="216" />
	<entry alias="Tahrongi Canyon" type="survivalguide" name="Survival Guide" zone="117" index="674" posx="-160.000000" posy="648.000000" posz="47.058830" param="32" bitflag="192" />
	<entry alias="Buburimu Peninsula" type="survivalguide" name="Survival Guide" zone="118" index="679" posx="-485.700012" posy="46.200001" posz="-32.021248" param="33" bitflag="166" />
	<entry alias="Maze of Shakhrami" type="survivalguide" name="Survival Guide" zone="198" index="574" posx="-338.000000" posy="-179.000000" posz="-12.339499" param="34" bitflag="206" />
	<entry alias="Labyrinth of Onzozo" type="survivalguide" name="Survival Guide" zone="213" index="242" posx="-63.000000" posy="-280.000000" posz="-20.237333" param="35" bitflag="214" />
	<entry alias="Meriphataud Mountains" type="survivalguide" name="Survival Guide" zone="119" index="680" posx="-297.000000" posy="423.000000" posz="16.862499" param="36" bitflag="170" />
	<entry alias="Sauromugue Champaign" type="survivalguide" name="Survival Guide" zone="120" index="566" posx="344.000000" posy="-256.000000" posz="6.125000" param="37" bitflag="193" />
	<entry alias="Castle Oztroja" type="survivalguide" name="Survival Guide" zone="151" index="558" posx="-221.000000" posy="-13.000000" posz="0.250000" menuid="8500" param="38" bitflag="197" />
	<entry alias="Garlaige Citadel" type="survivalguide" name="Survival Guide" zone="200" index="458" posx="-383.000000" posy="363.500000" posz="-5.999216" param="39" bitflag="183" />
	<entry alias="Beaucedine Glacier" type="survivalguide" name="Survival Guide" zone="111" index="445" posx="-28.000000" posy="-125.000000" posz="-59.549999" param="40" bitflag="167" />
	<entry alias="Ranguemont Pass" type="survivalguide" name="Survival Guide" zone="166" index="236" posx="-146.000000" posy="-298.000000" posz="4.257071" param="41" bitflag="199" />
	<entry alias="Xarcabard" type="survivalguide" name="Survival Guide" zone="112" index="400" posx="204.000000" posy="-203.000000" posz="-24.187502" param="42" bitflag="168" />
	<entry alias="Castle Zvahl Baileys" type="survivalguide" name="Survival Guide" zone="161" index="345" posx="372.000000" posy="-25.000000" posz="-12.071014" param="43" bitflag="198" />
	<entry alias="Qufim Island" type="survivalguide" name="Survival Guide" zone="126" index="502" posx="-252.000000" posy="297.000000" posz="-19.924995" param="44" bitflag="169" />
	<entry alias="Behemoth's Dominion" type="survivalguide" name="Survival Guide" zone="127" index="102" posx="336.000000" posy="-74.000000" posz="26.216309" param="45" bitflag="252" />
	<entry alias="Lower Delkfutt's Tower" type="survivalguide" name="Survival Guide" zone="184" index="358" posx="464.000000" posy="-51.000000" posz="0.017145" param="46" bitflag="200" />
	<entry alias="The Sanctuary of Zi'Tah" type="survivalguide" name="Survival Guide" zone="121" index="601" posx="-45.000000" posy="-151.000000" posz="0.203679" param="47" bitflag="171" />
	<entry alias="Ro'Maeve" type="survivalguide" name="Survival Guide" zone="122" index="327" posx="15.000000" posy="53.000000" posz="-28.000000" param="48" bitflag="207" />
	<entry alias="Dragon's Aery" type="survivalguide" name="Survival Guide" zone="154" index="69" posx="-61.000000" posy="-33.000000" posz="-1.321827" param="49" bitflag="253" />
	<entry alias="Eastern Altepa Desert" type="survivalguide" name="Survival Guide" zone="114" index="507" posx="-260.000000" posy="-265.000000" posz="8.500000" param="50" bitflag="172" />
	<entry alias="Western Altepa Desert" type="survivalguide" name="Survival Guide" zone="125" index="599" posx="420.000000" posy="11.000000" posz="-3.280577" param="51" bitflag="208" />
	<entry alias="Rabao" type="survivalguide" name="Survival Guide" zone="247" index="101" posx="-3.500000" posy="-95.000000" posz="-2.625000" menuid="8500" param="52" bitflag="242" />
	<entry alias="Cape Teriggan" type="survivalguide" name="Survival Guide" zone="113" index="464" posx="-188.000000" posy="-67.000000" posz="7.932284" param="53" bitflag="173" />
	<entry alias="Valley of Sorrows" type="survivalguide" name="Survival Guide" zone="128" index="99" posx="-167.000000" posy="24.000000" posz="-8.179657" param="54" bitflag="254" />
	<entry alias="Kuftal Tunnel" type="survivalguide" name="Survival Guide" zone="174" index="409" posx="-16.000000" posy="-237.000000" posz="-20.732620" param="55" bitflag="211" />
	<entry alias="Gustav Tunnel" type="survivalguide" name="Survival Guide" zone="212" index="347" posx="296.000000" posy="64.000000" posz="-40.585781" param="56" bitflag="213" />
	<entry alias="Yuhtunga Jungle" type="survivalguide" name="Survival Guide" zone="123" index="649" posx="-239.500000" posy="-404.000000" posz="0.000000" param="57" bitflag="174" />
	<entry alias="Sea Serpent Grotto" type="survivalguide" name="Survival Guide" zone="176" index="556" posx="223.000000" posy="335.000000" posz="-23.845995" param="58" bitflag="212" />
	<entry alias="Kazham" type="survivalguide" name="Survival Guide" zone="250" index="141" posx="-40.000000" posy="-93.000000" posz="-10.000000" param="59" bitflag="240" />
	<entry alias="Norg" type="survivalguide" name="Survival Guide" zone="252" index="131" posx="-13.000000" posy="-34.000000" posz="1.097733" menuid="8500" param="60" bitflag="241" />
	<entry alias="Yhoator Jungle" type="survivalguide" name="Survival Guide" zone="124" index="591" posx="197.000000" posy="-81.000000" posz="0.000000" param="61" bitflag="175" />
	<entry alias="Temple of Uggalepih" type="survivalguide" name="Survival Guide" zone="159" index="554" posx="60.000000" posy="57.000000" posz="-8.000000" param="62" bitflag="209" />
	<entry alias="Ifrit's Cauldron" type="survivalguide" name="Survival Guide" zone="205" index="387" posx="89.000000" posy="-297.000000" posz="0.237064" param="63" bitflag="255" />
	<entry alias="Ru'Aun Gardens" type="survivalguide" name="Survival Guide" zone="130" index="435" posx="13.000000" posy="-593.000000" posz="-54.159904" param="64" bitflag="177" />
	<entry alias="Oldton Movalpolos" type="survivalguide" name="Survival Guide" zone="11" index="280" posx="-262.000000" posy="-54.000000" posz="7.987741" param="65" bitflag="178" />
	<entry alias="Lufaise Meadows" type="survivalguide" name="Survival Guide" zone="24" index="396" posx="-554.000000" posy="-56.000000" posz="-6.183999" param="66" bitflag="176" />
	<entry alias="Misareaux Coast" type="survivalguide" name="Survival Guide" zone="25" index="379" posx="-61.000000" posy="261.000000" posz="-29.982187" param="67" bitflag="217" />
	<entry alias="Phomiuna Aqueducts" type="survivalguide" name="Survival Guide" zone="27" index="318" posx="252.000000" posy="-266.000000" posz="0.000000" param="68" bitflag="218" />
	<entry alias="Sacrarium" type="survivalguide" name="Survival Guide" zone="28" index="281" posx="-220.000000" posy="57.000000" posz="-12.000000" param="69" bitflag="219" />
	<entry alias="Wajaom Woodlands" type="survivalguide" name="Survival Guide" zone="51" index="710" posx="-839.000000" posy="98.000000" posz="-20.000000" param="70" bitflag="220" />
	<entry alias="Mamook" type="survivalguide" name="Survival Guide" zone="65" index="602" posx="218.000000" posy="-104.000000" posz="-23.875797" param="71" bitflag="221" />
	<entry alias="Aydeewa Subterrane" type="survivalguide" name="Survival Guide" zone="68" index="732" posx="4.000000" posy="-91.000000" posz="20.503750" param="72" bitflag="222" />
	<entry alias="Halvung" type="survivalguide" name="Survival Guide" zone="62" index="572" posx="504.000000" posy="241.000000" posz="-0.282426" param="73" bitflag="251" />
	<entry alias="Nashmau" type="survivalguide" name="Survival Guide" zone="53" index="137" posx="-20.000000" posy="-33.000000" posz="-0.000000" param="74" bitflag="245" />
	<entry alias="Arrapago Reef" type="survivalguide" name="Survival Guide" zone="54" index="667" posx="475.000000" posy="-20.000000" posz="-15.823896" param="75" bitflag="250" />
	<entry alias="Caedarva Mire" type="survivalguide" name="Survival Guide" zone="79" index="559" posx="-659.000000" posy="340.000000" posz="-13.000000" param="76" bitflag="249" />
	<entry alias="Southern San d'Oria [S]" type="survivalguide" name="Survival Guide" zone="80" index="804" posx="82.000000" posy="-68.000000" posz="1.000000" param="77" bitflag="246" />
	<entry alias="East Ronfaure [S]" type="survivalguide" name="Survival Guide" zone="81" index="864" posx="661.000000" posy="-599.000000" posz="-19.081707" param="78" bitflag="223" />
	<entry alias="Jugner Forest [S]" type="survivalguide" name="Survival Guide" zone="82" index="958" posx="-196.000000" posy="-498.000000" posz="-7.099997" menuid="8500" param="79" bitflag="224" />
	<entry alias="Batallia Downs [S]" type="survivalguide" name="Survival Guide" zone="84" index="1009" posx="-404.000000" posy="-163.000000" posz="-16.000046" param="80" bitflag="226" />
	<entry alias="The Eldieme Necropolis [S]" type="survivalguide" name="Survival Guide" zone="175" index="772" posx="418.000000" posy="-99.500000" posz="-52.250000" param="81" bitflag="239" />
	<entry alias="Bastok Markets [S]" type="survivalguide" name="Survival Guide" zone="87" index="714" posx="-247.000000" posy="95.000000" posz="0.000000" param="82" bitflag="247" />
	<entry alias="North Gustaberg [S]" type="survivalguide" name="Survival Guide" zone="88" index="948" posx="-289.000000" posy="533.000000" posz="38.501007" param="83" bitflag="227" />
	<entry alias="Grauberg [S]" type="survivalguide" name="Survival Guide" zone="89" index="875" posx="794.000000" posy="772.000000" posz="71.425011" param="84" bitflag="228" />
	<entry alias="Vunkerl Inlet [S]" type="survivalguide" name="Survival Guide" zone="83" index="864" posx="-521.000000" posy="207.000000" posz="-32.469860" param="85" bitflag="225" />
	<entry alias="Pashhow Marshlands [S]" type="survivalguide" name="Survival Guide" zone="90" index="805" posx="549.000000" posy="-341.000000" posz="25.000000" param="86" bitflag="229" />
	<entry alias="Rolanberry Fields [S]" type="survivalguide" name="Survival Guide" zone="91" index="895" posx="-37.000000" posy="-866.000000" posz="0.599994" param="87" bitflag="230" />
	<entry alias="Crawlers' Nest [S]" type="survivalguide" name="Survival Guide" zone="171" index="536" posx="364.000000" posy="-23.000000" posz="-32.374046" param="88" bitflag="238" />
	<entry alias="Windurst Waters [S]" type="survivalguide" name="Survival Guide" zone="94" index="786" posx="-58.000000" posy="216.000000" posz="-5.875582" param="89" bitflag="248" />
	<entry alias="West Sarutabaruta [S]" type="survivalguide" name="Survival Guide" zone="95" index="989" posx="83.000000" posy="567.000000" posz="-24.815680" param="90" bitflag="231" />
	<entry alias="Fort Karugo-Narugo [S]" type="survivalguide" name="Survival Guide" zone="96" index="858" posx="126.000000" posy="606.000000" posz="-21.163145" param="91" bitflag="232" />
	<entry alias="Meriphataud Mountains [S]" type="survivalguide" name="Survival Guide" zone="97" index="900" posx="734.000000" posy="-10.000000" posz="-33.590721" param="92" bitflag="233" />
	<entry alias="Sauromugue Champaign [S]" type="survivalguide" name="Survival Guide" zone="98" index="907" posx="476.000000" posy="-437.000000" posz="-8.000000" param="93" bitflag="234" />
	<entry alias="Garlaige Citadel [S]" type="survivalguide" name="Survival Guide" zone="164" index="609" posx="-303.000000" posy="127.500000" posz="-6.080000" param="94" bitflag="237" />
	<entry alias="Beaucedine Glacier [S]" type="survivalguide" name="Survival Guide" zone="136" index="896" posx="-144.000000" posy="234.000000" posz="-80.000015" param="95" bitflag="235" />
	<entry alias="Castle Zvahl Baileys [S]" type="survivalguide" name="Survival Guide" zone="138" index="785" posx="372.000000" posy="-25.000000" posz="-12.071014" param="96" bitflag="236" />
	<entry alias="Eastern Adoulin" type="survivalguide" name="Survival Guide" zone="257" index="309" posx="-50.000000" posy="-120.000000" posz="-0.149999" menuid="8500" param="97" bitflag="257" />
</entitydata>