<entitydata>
	<entry alias="Courier" type="waypoint" name="Waypoint" zone="256" index="0" posx="5.685000" posy="-5.640000" posz="0.000000" menuid="5000" number="0" param="1" bitflag="96" landx="1084009481" landy="3231268733" landz="0" landh="8449"/>
	<entry alias="Pioneer" type="waypoint" name="Waypoint" zone="256" index="181" posx="-110.500000" posy="-11.350000" posz="3.850000" menuid="5001" number="1" param="2" bitflag="97" landx="3269263361" landy="3243750982" landz="1081501287" landh="48897"/>
	<entry alias="Mummer" type="waypoint" name="Waypoint" zone="256" index="0" posx="-23.090000" posy="-79.890999" posz="-0.150000" number="2" param="3" bitflag="98" landx="3249003299" landy="3265251378" landz="3189348762" landh="32513"/>
	<entry alias="Inventor" type="waypoint" name="Waypoint" zone="256" index="183" posx="93.079002" posy="-49.013000" posz="-0.150000" menuid="5003" number="3" param="4" bitflag="99" landx="1119282922" landy="3259239760" landz="3189348762" landh="1"/>
	<entry alias="WestAH" type="waypoint" name="Waypoint" zone="256" index="0" posx="-66.420998" posy="-75.064003" posz="3.850000" number="4" param="5" bitflag="100" landx="3263705777" landy="3264436241" landz="1082130432" landh="7169"/>
	<entry alias="WestMH" type="waypoint" name="Waypoint" zone="256" index="0" posx="3.398000" posy="-123.042999" posz="0.000000" number="5" param="6" bitflag="101" landx="1085760603" landy="3270907397" landz="0" landh="32513"/>
	<entry alias="Bridge" type="waypoint" name="Waypoint" zone="256" index="0" posx="174.783005" posy="-37.514999" posz="3.850000" number="6" param="7" bitflag="102" landx="1127139443" landy="3255772906" landz="1081501287" landh="16129"/>
	<entry alias="Docks" type="waypoint" name="Waypoint" zone="256" index="0" posx="14.586000" posy="163.835999" posz="0.000000" number="7" param="8" bitflag="103" landx="1097424962" landy="1126341542" landz="0" landh="48897"/>
	<entry alias="Waterfront" type="waypoint" name="Waypoint" zone="256" index="0" posx="51.094002" posy="127.917999" posz="32.000000" number="8" param="9" bitflag="104" landx="1112301634" landy="1123850519" landz="1107296256" landh="48897"/>
	<entry alias="Peacekeeper" type="waypoint" name="Waypoint" zone="257" index="0" posx="-101.274002" posy="-9.726000" posz="-0.150000" number="0" param="21" bitflag="111" landx="3268054090" landy="3240861107" landz="3189348762" landh="48897"/>
	<entry alias="Scout" type="waypoint" name="Waypoint" zone="257" index="0" posx="-76.944000" posy="-63.925999" posz="-0.150000" number="1" param="22" bitflag="112" landx="3264996180" landy="3263149114" landz="3189348762" landh="1"/>
	<entry alias="Statue" type="waypoint" name="Waypoint" zone="257" index="0" posx="-46.838001" posy="-13.767000" posz="-0.075000" number="2" param="23" bitflag="113" landx="3258669597" landy="3243001250" landz="3180960154" landh="16129"/>
	<entry alias="Wharf" type="waypoint" name="Waypoint" zone="257" index="129" posx="-58.772999" posy="85.237000" posz="-0.150000" menuid="5003" number="3" param="24" bitflag="114" landx="3261536142" landy="1118468441" landz="3189348762" landh="32513"/>
	<entry alias="EastMH" type="waypoint" name="Waypoint" zone="257" index="0" posx="-62.865002" posy="-120.809998" posz="-0.150000" number="4" param="25" bitflag="115" landx="3262608835" landy="3270614713" landz="3189348762" landh="32513"/>
	<entry alias="EastAH" type="waypoint" name="Waypoint" zone="257" index="131" posx="-42.064999" posy="-88.978996" posz="-0.150000" menuid="5005" number="5" param="26" bitflag="116" landx="3257418384" landy="3266573632" landz="3189348762" landh="48897"/>
	<entry alias="Hillock" type="waypoint" name="Waypoint" zone="257" index="0" posx="10.681000" posy="29.976000" posz="-22.150000" number="6" param="27" bitflag="117" landx="1094378849" landy="1106235098" landz="3249615668" landh="32513"/>
	<entry alias="Coronal" type="waypoint" name="Waypoint" zone="257" index="0" posx="26.124001" posy="-60.844002" posz="-40.150002" number="7" param="28" bitflag="118" landx="1104739828" landy="3262341186" landz="3256916378" landh="32513"/>
	<entry alias="Castle" type="waypoint" name="Waypoint" zone="257" index="134" posx="96.994003" posy="-74.541000" posz="-40.150002" menuid="5008" number="8" param="29" bitflag="119" landx="1119878382" landy="3264550142" landz="3256916378" landh="1"/>
	<entry alias="Yahse Hunting Grounds" type="waypoint" name="Waypoint" zone="260" index="0" posx="320.000000" posy="-199.800003" posz="0.000000" number="0" param="31" bitflag="166" landx="1134592000" landy="3276262605" landz="0" landh="32513"/>
	<entry alias="Yahse Hunting Grounds1" type="waypoint" name="Waypoint" zone="260" index="0" posx="87.500000" posy="1.500000" posz="0.000000" number="1" param="32" bitflag="167" landx="1118633985" landy="1069547521" landz="0" landh="1"/>
	<entry alias="Yahse Hunting Grounds2" type="waypoint" name="Waypoint" zone="260" index="0" posx="-287.500000" posy="43.500000" posz="0.000000" number="2" param="33" bitflag="168" landx="3280945152" landy="1110310913" landz="0" landh="32513"/>
	<entry alias="Yahse Hunting Grounds3" type="waypoint" name="Waypoint" zone="260" index="0" posx="-162.399994" posy="-271.799988" posz="0.000000" number="3" param="34" bitflag="169" landx="3273811559" landy="3280496231" landz="0" landh="48897"/>
	<entry alias="Ceizak Battlegrounds" type="waypoint" name="Waypoint" zone="261" index="0" posx="364.000000" posy="190.000000" posz="0.600000" number="0" param="41" bitflag="160" landx="1136033793" landy="1128136705" landz="1058642330" landh="32513"/>
	<entry alias="Ceizak Battlegrounds1" type="waypoint" name="Waypoint" zone="261" index="0" posx="-6.879000" posy="-118.511002" posz="0.000000" number="1" param="42" bitflag="161" landx="3235651781" landy="3270182307" landz="0" landh="16129"/>
	<entry alias="Ceizak Battlegrounds2" type="waypoint" name="Waypoint" zone="261" index="526" posx="-42.000000" posy="156.000000" posz="0.000000" menuid="5002" number="2" param="43" bitflag="162" landx="3257401345" landy="1125842944" landz="0" landh="48897"/>
	<entry alias="Ceizak Battlegrounds3" type="waypoint" name="Waypoint" zone="261" index="0" posx="-442.000000" posy="-246.000000" posz="0.000000" number="3" param="44" bitflag="163" landx="3286040577" landy="3279355905" landz="0" landh="48897"/>
	<entry alias="Foret de Hennetiel" type="waypoint" name="Waypoint" zone="262" index="533" posx="399.109985" posy="279.109985" posz="-2.000000" menuid="5000" number="0" param="51" bitflag="192" landx="1137118741" landy="1133219349" landz="3221225472" landh="1"/>
	<entry alias="Foret de Hennetiel1" type="waypoint" name="Waypoint" zone="262" index="0" posx="13.600000" posy="342.000000" posz="-2.400000" number="1" param="52" bitflag="193" landx="1095342490" landy="1135280129" landz="3222903194" landh="1"/>
	<entry alias="Foret de Hennetiel2" type="waypoint" name="Waypoint" zone="262" index="0" posx="504.000000" posy="-303.500000" posz="-2.250000" number="2" param="53" bitflag="194" landx="1140621313" landy="3281502208" landz="3222274048" landh="32513"/>
	<entry alias="Foret de Hennetiel3" type="waypoint" name="Waypoint" zone="262" index="536" posx="103.000000" posy="-93.300003" posz="-2.200000" menuid="5003" number="3" param="54" bitflag="195" landx="1120796673" landy="3266877850" landz="3222064333" landh="16129"/>
	<entry alias="Foret de Hennetiel4" type="waypoint" name="Waypoint" zone="262" index="537" posx="-251.800003" posy="-40.250000" posz="-2.370000" menuid="5004" number="4" param="55" bitflag="196" landx="3279670478" landy="3256680448" landz="3222777365" landh="16129"/>
	<entry alias="Morimar Basalt Fields" type="waypoint" name="Waypoint" zone="265" index="0" posx="443.727997" posy="-324.428009" posz="-16.000000" number="0" param="61" bitflag="198" landx="1138613552" landy="3282220745" landz="3246391296" landh="48897"/>
	<entry alias="Morimar Basalt Fields1" type="waypoint" name="Waypoint" zone="265" index="0" posx="367.000000" posy="37.500000" posz="-16.000000" number="1" param="62" bitflag="199" landx="1136132097" landy="1108738048" landz="3246391296" landh="32513"/>
	<entry alias="Morimar Basalt Fields2" type="waypoint" name="Waypoint" zone="265" index="0" posx="112.800003" posy="323.399994" posz="-0.483000" number="2" param="63" bitflag="200" landx="1122081178" landy="1134703412" landz="3203877831" landh="16129"/>
	<entry alias="Morimar Basalt Fields3" type="waypoint" name="Waypoint" zone="265" index="0" posx="174.500000" posy="-318.200012" posz="-15.581000" number="3" param="64" bitflag="201" landx="1127186433" landy="3281983898" landz="3245951943" landh="32513"/>
	<entry alias="Morimar Basalt Fields4" type="waypoint" name="Waypoint" zone="265" index="0" posx="-323.000000" posy="1.000000" posz="-32.000000" number="4" param="65" bitflag="202" landx="3282141185" landy="1073741824" landz="3254779904" landh="16129"/>
	<entry alias="Morimar Basalt Fields5" type="waypoint" name="Waypoint" zone="265" index="741" posx="-78.199997" posy="304.000000" posz="-47.284000" menuid="5005" number="5" param="66" bitflag="203" landx="3265029735" landy="1134002176" landz="3258786513" landh="48897"/>
	<entry alias="Yorcia Weald" type="waypoint" name="Waypoint" zone="263" index="0" posx="354.000000" posy="154.000000" posz="0.200000" number="0" param="71" bitflag="224" landx="1135650407" landy="1125731533" landz="1045220557" landh="57089"/>
	<entry alias="Yorcia Weald1" type="waypoint" name="Waypoint" zone="263" index="0" posx="-39.499001" posy="296.367004" posz="0.367000" number="1" param="72" bitflag="225" landx="3257007866" landy="1133784826" landz="1052501869" landh="1"/>
	<entry alias="Yorcia Weald2" type="waypoint" name="Waypoint" zone="263" index="0" posx="121.132004" posy="-287.730988" posz="0.146000" number="2" param="73" bitflag="226" landx="1123304342" landy="3280985490" landz="1041596679" landh="32513"/>
	<entry alias="Yorcia Weald3" type="waypoint" name="Waypoint" zone="263" index="0" posx="-275.776001" posy="85.375999" posz="0.357000" number="3" param="74" bitflag="227" landx="3280560980" landy="1118486660" landz="1052166325" landh="32513"/>
	<entry alias="Marjami Ravine" type="waypoint" name="Waypoint" zone="266" index="0" posx="358.000000" posy="164.000000" posz="-60.000000" number="0" param="81" bitflag="230" landx="1135804417" landy="1126498305" landz="3262119937" landh="16129"/>
	<entry alias="Marjami Ravine1" type="waypoint" name="Waypoint" zone="266" index="0" posx="324.000000" posy="-79.000000" posz="-20.000000" number="1" param="82" bitflag="231" landx="1134657537" landy="3265134592" landz="3248488448" landh="1"/>
	<entry alias="Marjami Ravine2" type="waypoint" name="Waypoint" zone="266" index="0" posx="6.808000" posy="79.436996" posz="0.000000" number="2" param="83" bitflag="232" landx="1088019235" landy="1117577151" landz="0" landh="48897"/>
	<entry alias="Marjami Ravine3" type="waypoint" name="Waypoint" zone="266" index="0" posx="-318.708008" posy="-128.274994" posz="-20.000000" number="3" param="84" bitflag="233" landx="3282000544" landy="3271462094" landz="3248488448" landh="16129"/>
	<entry alias="Marjami Ravine4" type="waypoint" name="Waypoint" zone="266" index="0" posx="-326.022003" posy="202.095993" posz="-40.022999" number="4" param="85" bitflag="234" landx="3282240209" landy="1128863892" landz="3256883086" landh="48897"/>
	<entry alias="Kamihr Drifts" type="waypoint" name="Waypoint" zone="267" index="0" posx="439.403015" posy="-273.553986" posz="63.000000" menuid="5000" number="0" param="91" bitflag="262" landx="1138471830" landy="3280488170" landz="1115422721" landh="16129"/>
	<entry alias="Kamihr Drifts1" type="waypoint" name="Waypoint" zone="267" index="0" posx="-41.574001" posy="-71.319000" posz="43.000000" number="1" param="92" bitflag="263" landx="3257551815" landy="3264127828" landz="1110179841" landh="1"/>
	<entry alias="Kamihr Drifts2" type="waypoint" name="Waypoint" zone="267" index="0" posx="8.240000" posy="-282.016998" posz="43.000000" menuid="5002" number="2" param="93" bitflag="264" landx="1090770699" landy="3280831021" landz="1110179841" landh="48897"/>
	<entry alias="Kamihr Drifts3" type="waypoint" name="Waypoint" zone="267" index="0" posx="9.240000" posy="161.802994" posz="23.000000" number="3" param="94" bitflag="265" landx="1091819275" landy="1126354322" landz="1102577665" landh="16129"/>
	<entry alias="Kamihr Drifts4" type="waypoint" name="Waypoint" zone="267" index="0" posx="-229.942001" posy="364.511993" posz="3.567000" number="4" param="95" bitflag="266" landx="3278172456" landy="1136017802" landz="1080314299" landh="32513"/>
	<entry alias="Lower Jeuno" type="waypoint" name="Waypoint" zone="245" index="0" posx="-34.922001" posy="-30.966000" posz="0.000000" menuid="10121" number="0" param="100" bitflag="96" landx="4294967263" landy="4294967265" landz="0" landh="65534"/>
	<entry alias="Northern San d'Oria" type="waypoint" name="" zone="231" index="0" posx="96.641998" posy="-4.800000" posz="-0.199000" number="0" param="200" bitflag="65665" landx="0" landy="0" landz="0" landh="0"/>
	<entry alias="Bastok Markets" type="waypoint" name="" zone="235" index="0" posx="-176.619003" posy="-30.091000" posz="-8.000000" number="0" param="201" bitflag="65666" landx="0" landy="0" landz="0" landh="0"/>
	<entry alias="Windurst Woods" type="waypoint" name="" zone="241" index="0" posx="-85.592003" posy="37.238998" posz="-5.000000" number="0" param="202" bitflag="65667" landx="0" landy="0" landz="0" landh="0"/>
	<entry alias="Selbina" type="waypoint" name="" zone="248" index="0" posx="18.360001" posy="74.016998" posz="-14.558599" number="0" param="203" bitflag="65668" landx="0" landy="0" landz="0" landh="0"/>
	<entry alias="Mhaura" type="waypoint" name="" zone="249" index="0" posx="-0.201000" posy="109.851997" posz="-4.000000" number="0" param="204" bitflag="65669" landx="0" landy="0" landz="0" landh="0"/>
	<entry alias="Kazham" type="waypoint" name="" zone="250" index="0" posx="-51.564999" posy="-104.850998" posz="-10.000000" number="0" param="205" bitflag="65670" landx="0" landy="0" landz="0" landh="0"/>
	<entry alias="Rabao" type="waypoint" name="" zone="247" index="0" posx="-7.347999" posy="-82.642982" posz="0.000000" number="0" param="206" bitflag="65671" landx="0" landy="0" landz="0" landh="0"/>
	<entry alias="Norg" type="waypoint" name="" zone="252" index="0" posx="-19.104000" posy="-47.464001" posz="0.219550" number="0" param="207" bitflag="65672" landx="0" landy="0" landz="0" landh="0"/>
	<entry alias="Tavnazian Safehold" type="waypoint" name="" zone="26" index="0" posx="0.000000" posy="35.466000" posz="-23.500000" number="0" param="208" bitflag="65673" landx="0" landy="0" landz="0" landh="0"/>
	<entry alias="Aht Urhgan Whitegate" type="waypoint" name="" zone="51" index="0" posx="676.981995" posy="220.000000" posz="-15.500000" number="0" param="209" bitflag="65674" landx="0" landy="0" landz="0" landh="0"/>
	<entry alias="Wajaom Woodlands" type="waypoint" name="" zone="51" index="0" posx="676.981995" posy="220.000000" posz="-15.500000" number="0" param="209" bitflag="65674" landx="0" landy="0" landz="0" landh="0"/>
	<entry alias="Nashmau" type="waypoint" name="" zone="79" index="0" posx="13.202000" posy="-453.438995" posz="-3.675264" number="0" param="210" bitflag="65675" landx="0" landy="0" landz="0" landh="0"/>
	<entry alias="Caedarva Mire" type="waypoint" name="" zone="79" index="0" posx="13.202000" posy="-453.438995" posz="-3.675264" number="0" param="210" bitflag="65675" landx="0" landy="0" landz="0" landh="0"/>
	<entry alias="Rala Waterways" type="waypoint" name="Augural Conveyor" zone="258" index="0" posx="-588.000000" posy="20.000000" posz="-7.500000" number="0" param="300" bitflag="256" landx="4294966708" landy="19" landz="4294967289" landh="65535"/>
	<entry alias="Cirdas Caverns" type="waypoint" name="Augural Conveyor" zone="270" index="0" posx="70.000000" posy="580.000000" posz="29.296881" number="0" param="301" bitflag="257" landx="70" landy="579" landz="29" landh="65535"/>
	<entry alias="Yorcia Weald" type="waypoint" name="Augural Conveyor" zone="263" index="0" posx="170.000000" posy="-259.000000" posz="4.685037" number="0" param="302" bitflag="258" landx="171" landy="4294967037" landz="4" landh="65533"/>
	<entry alias="Outer Ra'Kaznar" type="waypoint" name="Augural Conveyor" zone="274" index="0" posx="-148.000000" posy="28.000000" posz="-170.000000" number="0" param="303" bitflag="259" landx="4294967148" landy="27" landz="4294967126" landh="65535"/>
</entitydata>